amount,payment_method,failure_reason,retry_count,customer_success_rate,is_anomaly,recovered
64122.97,UPI,INVALID_DETAILS,2,0.47,0,0
89271.87,UPI,LIMIT_EXCEEDED,3,0.32,0,0
3140.33,CARD,INVALID_DETAILS,4,0.59,0,0
1146.63,CARD,INVALID_DETAILS,3,0.53,0,0
10669.92,WALLET,INSUFFICIENT_FUNDS,2,0.88,1,1
46212.78,UPI,TIMEOUT,0,0.68,1,1
19632.71,UPI,INSUFFICIENT_FUNDS,1,0.83,0,0
38322.56,WALLET,INVALID_DETAILS,2,0.41,0,0
93697.13,UPI,LIMIT_EXCEEDED,1,0.66,0,0
98957.57,CARD,INVALID_DETAILS,2,0.87,0,1
31887.58,NET_BANKING,INSUFFICIENT_FUNDS,1,0.92,1,1
65716.15,WALLET,INVALID_DETAILS,3,0.4,0,0
26642.79,WALLET,LIMIT_EXCEEDED,3,0.55,0,1
5188.08,UPI,BANK_ERROR,1,0.84,0,1
59790.9,WALLET,LIMIT_EXCEEDED,2,0.96,0,1
88536.45,NET_BANKING,UNKNOWN,2,0.38,0,1
72348.16,NET_BANKING,LIMIT_EXCEEDED,1,0.65,0,1
64075.47,CARD,BANK_ERROR,2,0.82,1,0
91890.1,NET_BANKING,TIMEOUT,0,0.38,0,0
31097.66,UPI,BANK_ERROR,4,0.94,0,0
97809.46,CARD,BANK_ERROR,3,0.94,0,0
42602.23,CARD,LIMIT_EXCEEDED,1,0.78,0,0
44090.96,WALLET,INSUFFICIENT_FUNDS,1,0.45,0,0
59049.79,UPI,INSUFFICIENT_FUNDS,0,0.46,0,1
24181.46,WALLET,BANK_ERROR,4,0.39,1,0
47560.81,WALLET,BANK_ERROR,0,0.37,0,1
86451.76,UPI,INVALID_DETAILS,0,0.34,0,1
19563.21,WALLET,BANK_ERROR,3,0.42,0,0
44591.51,UPI,INSUFFICIENT_FUNDS,4,0.87,0,0
17047.96,WALLET,TIMEOUT,1,0.89,0,1
39346.96,WALLET,NETWORK_ERROR,3,0.77,1,0
19394.84,CARD,INSUFFICIENT_FUNDS,4,0.8,0,1
58625.67,CARD,INSUFFICIENT_FUNDS,4,0.35,0,0
86251.01,WALLET,INSUFFICIENT_FUNDS,4,0.47,1,0
65908.63,NET_BANKING,NETWORK_ERROR,1,0.76,0,1
67333.18,NET_BANKING,TIMEOUT,2,0.93,0,0
56517.87,UPI,INSUFFICIENT_FUNDS,4,0.44,0,0
7344.74,CARD,NETWORK_ERROR,2,0.41,1,0
98729.69,UPI,INVALID_DETAILS,4,0.5,0,0
11985.15,UPI,INVALID_DETAILS,4,0.41,0,0
20757.93,NET_BANKING,LIMIT_EXCEEDED,3,0.47,0,0
28029.68,UPI,NETWORK_ERROR,1,0.73,0,1
70713.91,UPI,INSUFFICIENT_FUNDS,0,0.94,0,0
58459.7,CARD,TIMEOUT,1,0.33,0,0
86139.91,NET_BANKING,BANK_ERROR,1,0.75,0,0
40934.55,CARD,BANK_ERROR,1,0.96,0,1
73788.16,NET_BANKING,UNKNOWN,3,0.85,0,0
11255.51,UPI,UNKNOWN,3,0.45,0,0
87196.64,CARD,INSUFFICIENT_FUNDS,1,0.57,0,0
28272.94,WALLET,INVALID_DETAILS,4,0.53,0,0
18267.5,NET_BANKING,INSUFFICIENT_FUNDS,0,0.71,0,1
60817.78,UPI,TIMEOUT,4,0.43,0,1
92594.73,CARD,NETWORK_ERROR,3,0.35,0,0
12900.22,NET_BANKING,LIMIT_EXCEEDED,2,0.75,0,1
13165.14,WALLET,INVALID_DETAILS,3,0.76,0,0
55019.75,UPI,NETWORK_ERROR,2,0.44,1,0
44457.71,CARD,LIMIT_EXCEEDED,3,0.84,0,0
66553.46,NET_BANKING,INSUFFICIENT_FUNDS,1,0.76,0,1
5098.26,WALLET,LIMIT_EXCEEDED,0,0.61,1,0
49690.53,CARD,BANK_ERROR,0,0.91,0,1
80508.93,WALLET,INSUFFICIENT_FUNDS,4,0.47,0,0
66923.98,NET_BANKING,UNKNOWN,3,0.72,1,0
44868.4,CARD,INVALID_DETAILS,3,0.61,0,0
77878.65,WALLET,INVALID_DETAILS,1,0.49,0,0
33916.83,UPI,BANK_ERROR,1,0.46,0,1
41056.14,WALLET,TIMEOUT,0,0.44,0,0
94633.17,UPI,UNKNOWN,4,0.56,0,0
39303.67,WALLET,LIMIT_EXCEEDED,4,0.84,0,0
48821.38,WALLET,NETWORK_ERROR,3,0.79,0,0
53645.3,WALLET,LIMIT_EXCEEDED,4,0.75,0,1
46439.0,UPI,NETWORK_ERROR,3,0.52,0,0
38223.06,WALLET,NETWORK_ERROR,0,0.62,1,0
22810.11,UPI,UNKNOWN,0,0.81,0,1
15662.04,CARD,TIMEOUT,0,0.68,0,1
37205.07,UPI,UNKNOWN,1,0.96,0,0
57791.77,WALLET,TIMEOUT,1,0.35,0,0
85104.18,UPI,UNKNOWN,4,0.83,0,0
7361.2,NET_BANKING,INSUFFICIENT_FUNDS,3,0.86,0,0
89211.71,WALLET,INVALID_DETAILS,1,0.6,1,0
80915.82,WALLET,TIMEOUT,3,0.86,1,0
83157.74,UPI,NETWORK_ERROR,3,0.47,0,0
33971.46,WALLET,UNKNOWN,2,0.42,0,0
28326.02,NET_BANKING,LIMIT_EXCEEDED,0,0.65,0,0
49113.5,CARD,INVALID_DETAILS,3,0.74,0,1
29776.44,WALLET,INVALID_DETAILS,1,0.51,1,0
34703.86,NET_BANKING,NETWORK_ERROR,3,0.48,0,0
31897.02,CARD,BANK_ERROR,1,0.8,0,0
52701.37,NET_BANKING,INSUFFICIENT_FUNDS,1,0.5,0,1
53646.44,NET_BANKING,INSUFFICIENT_FUNDS,0,0.68,0,0
10707.47,UPI,LIMIT_EXCEEDED,2,0.62,0,0
25621.6,WALLET,INSUFFICIENT_FUNDS,0,0.57,0,0
15596.84,NET_BANKING,INSUFFICIENT_FUNDS,1,0.38,0,0
22955.87,WALLET,TIMEOUT,3,0.5,1,0
62292.22,UPI,UNKNOWN,1,0.73,0,1
17794.45,UPI,BANK_ERROR,0,0.58,1,1
29166.44,NET_BANKING,INVALID_DETAILS,3,0.35,0,0
62693.27,CARD,TIMEOUT,0,0.67,0,0
7605.28,CARD,UNKNOWN,2,0.7,1,0
47135.45,NET_BANKING,INVALID_DETAILS,3,0.94,1,0
60004.65,WALLET,INVALID_DETAILS,2,0.71,0,0
83677.88,UPI,UNKNOWN,2,0.69,0,0
91649.24,CARD,LIMIT_EXCEEDED,3,0.73,0,0
41130.64,NET_BANKING,INVALID_DETAILS,0,0.88,0,0
66427.06,WALLET,UNKNOWN,4,0.32,0,0
97033.38,WALLET,UNKNOWN,4,0.86,0,0
41618.13,CARD,LIMIT_EXCEEDED,2,0.72,0,0
20754.04,CARD,NETWORK_ERROR,3,0.9,0,0
61082.73,CARD,INVALID_DETAILS,1,0.51,0,1
99229.59,UPI,TIMEOUT,0,0.74,0,0
51132.77,NET_BANKING,TIMEOUT,3,0.97,0,1
19465.73,CARD,UNKNOWN,0,0.49,0,0
27083.68,UPI,NETWORK_ERROR,2,0.87,1,1
15285.24,WALLET,NETWORK_ERROR,2,0.68,1,0
87025.37,CARD,LIMIT_EXCEEDED,3,0.46,0,0
70670.17,WALLET,TIMEOUT,1,0.64,0,0
33533.47,UPI,UNKNOWN,3,0.37,0,0
87157.83,CARD,INSUFFICIENT_FUNDS,3,0.83,0,0
65158.75,NET_BANKING,UNKNOWN,4,0.56,0,0
49050.77,UPI,LIMIT_EXCEEDED,0,0.46,0,0
43680.16,UPI,UNKNOWN,0,0.6,0,1
79716.27,NET_BANKING,NETWORK_ERROR,2,0.59,0,0
79355.69,CARD,BANK_ERROR,0,0.71,0,1
91326.49,CARD,BANK_ERROR,3,0.73,0,1
80560.99,NET_BANKING,INVALID_DETAILS,4,0.41,0,0
30265.85,WALLET,INVALID_DETAILS,2,0.61,0,0
48579.2,CARD,TIMEOUT,4,0.54,0,1
97805.48,WALLET,NETWORK_ERROR,0,0.68,0,0
83367.47,NET_BANKING,UNKNOWN,1,0.71,0,1
25437.37,CARD,INVALID_DETAILS,0,0.91,0,1
58167.59,CARD,INSUFFICIENT_FUNDS,2,0.52,0,1
54171.07,NET_BANKING,LIMIT_EXCEEDED,4,0.92,0,0
48443.86,NET_BANKING,INVALID_DETAILS,2,0.85,0,1
96666.77,WALLET,UNKNOWN,4,0.55,0,0
45751.21,NET_BANKING,LIMIT_EXCEEDED,3,0.86,0,0
2989.95,NET_BANKING,LIMIT_EXCEEDED,1,0.74,0,1
41125.44,CARD,INSUFFICIENT_FUNDS,0,0.51,0,1
53985.89,WALLET,TIMEOUT,2,0.76,1,0
15875.03,WALLET,INVALID_DETAILS,0,0.87,1,0
3755.27,NET_BANKING,BANK_ERROR,3,0.6,0,1
68725.19,NET_BANKING,INSUFFICIENT_FUNDS,3,0.49,0,0
9621.51,CARD,INVALID_DETAILS,4,0.96,0,1
13029.43,CARD,INSUFFICIENT_FUNDS,4,0.44,0,0
77549.67,UPI,NETWORK_ERROR,1,0.97,1,1
66275.24,UPI,BANK_ERROR,0,0.54,0,1
26904.07,CARD,INVALID_DETAILS,3,0.66,0,0
51567.18,UPI,TIMEOUT,4,0.45,1,0
86764.6,NET_BANKING,TIMEOUT,0,0.34,0,1
11242.2,WALLET,INSUFFICIENT_FUNDS,0,0.52,0,1
63491.13,NET_BANKING,TIMEOUT,4,0.66,0,0
79413.06,UPI,UNKNOWN,4,0.79,0,0
41674.45,WALLET,TIMEOUT,3,0.8,0,0
37742.95,CARD,INVALID_DETAILS,3,0.35,0,0
74010.2,CARD,LIMIT_EXCEEDED,0,0.7,1,0
41375.46,WALLET,UNKNOWN,0,0.96,1,1
50987.55,CARD,INVALID_DETAILS,3,0.45,0,0
11931.09,NET_BANKING,LIMIT_EXCEEDED,1,0.85,1,0
61550.54,UPI,LIMIT_EXCEEDED,2,0.32,0,0
34312.55,UPI,BANK_ERROR,1,0.69,0,0
97195.13,UPI,INVALID_DETAILS,4,0.45,0,0
31507.92,NET_BANKING,UNKNOWN,4,0.71,0,0
5451.37,UPI,NETWORK_ERROR,3,0.75,0,1
21949.11,UPI,NETWORK_ERROR,3,0.38,1,0
5019.03,WALLET,LIMIT_EXCEEDED,0,0.31,0,0
76534.01,NET_BANKING,NETWORK_ERROR,0,0.31,0,0
70515.29,NET_BANKING,INSUFFICIENT_FUNDS,3,0.89,0,0
8247.33,NET_BANKING,LIMIT_EXCEEDED,3,0.69,0,0
96636.87,CARD,UNKNOWN,4,0.61,0,0
24709.99,WALLET,LIMIT_EXCEEDED,0,0.57,0,1
78022.23,UPI,LIMIT_EXCEEDED,0,0.66,0,1
72874.22,CARD,BANK_ERROR,0,0.4,0,1
76035.66,UPI,BANK_ERROR,3,0.62,1,0
92453.35,NET_BANKING,UNKNOWN,2,0.4,0,0
79734.8,UPI,NETWORK_ERROR,4,0.35,0,1
83253.81,UPI,INVALID_DETAILS,0,0.72,1,0
95446.03,UPI,TIMEOUT,4,0.74,0,0
95793.37,WALLET,INSUFFICIENT_FUNDS,2,0.97,0,1
25150.5,WALLET,TIMEOUT,4,0.66,0,0
39047.95,NET_BANKING,INVALID_DETAILS,4,0.34,0,0
67998.74,NET_BANKING,NETWORK_ERROR,4,0.89,0,0
91716.27,NET_BANKING,INVALID_DETAILS,3,0.39,0,0
79270.36,CARD,INVALID_DETAILS,4,0.36,0,1
31232.17,CARD,NETWORK_ERROR,3,0.43,0,0
78917.96,UPI,INVALID_DETAILS,2,0.9,1,0
16643.6,CARD,INVALID_DETAILS,3,0.33,0,0
44697.77,NET_BANKING,UNKNOWN,3,0.46,0,0
47167.05,CARD,NETWORK_ERROR,4,0.97,0,0
50539.22,WALLET,BANK_ERROR,1,0.84,0,1
48318.77,NET_BANKING,LIMIT_EXCEEDED,0,0.78,1,1
76430.12,NET_BANKING,TIMEOUT,4,0.4,0,0
81761.97,NET_BANKING,INSUFFICIENT_FUNDS,3,0.34,1,0
8619.74,CARD,INSUFFICIENT_FUNDS,2,0.93,0,1
29044.5,WALLET,INVALID_DETAILS,1,0.82,0,1
8382.96,NET_BANKING,BANK_ERROR,1,0.67,1,1
29166.11,NET_BANKING,INSUFFICIENT_FUNDS,0,0.46,1,1
90562.12,UPI,INVALID_DETAILS,4,0.69,0,1
35605.2,WALLET,BANK_ERROR,0,0.66,0,1
50979.11,UPI,TIMEOUT,3,0.33,0,0
2116.1,UPI,NETWORK_ERROR,1,0.8,0,0
33585.6,UPI,NETWORK_ERROR,4,0.53,0,0
98091.51,WALLET,INVALID_DETAILS,1,0.85,0,0
4179.89,CARD,INSUFFICIENT_FUNDS,1,0.9,0,1
98917.71,WALLET,NETWORK_ERROR,0,0.81,0,0
5256.5,NET_BANKING,NETWORK_ERROR,0,0.84,0,1
89516.43,WALLET,NETWORK_ERROR,1,0.64,0,0
27038.71,UPI,INVALID_DETAILS,3,0.35,1,0
29729.76,UPI,INSUFFICIENT_FUNDS,2,0.75,0,0
17081.15,WALLET,NETWORK_ERROR,3,0.33,0,0
64127.2,UPI,INSUFFICIENT_FUNDS,3,0.55,0,1
60953.5,WALLET,INSUFFICIENT_FUNDS,1,0.35,0,0
3722.34,CARD,INVALID_DETAILS,3,0.95,0,1
14200.66,NET_BANKING,TIMEOUT,2,0.74,0,1
19011.78,WALLET,LIMIT_EXCEEDED,0,0.48,0,1
61381.78,WALLET,BANK_ERROR,0,0.39,0,0
44788.56,UPI,UNKNOWN,2,0.75,0,1
30345.69,CARD,INVALID_DETAILS,1,0.84,1,0
79310.53,CARD,UNKNOWN,3,0.32,1,0
98309.69,CARD,LIMIT_EXCEEDED,0,0.34,0,0
52806.72,WALLET,UNKNOWN,4,0.35,0,0
68170.84,NET_BANKING,BANK_ERROR,4,0.74,0,1
50534.95,UPI,UNKNOWN,0,0.65,0,1
71078.55,NET_BANKING,LIMIT_EXCEEDED,2,0.88,0,0
27807.88,NET_BANKING,LIMIT_EXCEEDED,4,0.36,0,0
17534.46,NET_BANKING,UNKNOWN,4,0.33,0,0
77216.73,NET_BANKING,INVALID_DETAILS,1,0.82,0,1
88955.19,NET_BANKING,INVALID_DETAILS,2,0.63,0,1
6461.35,WALLET,TIMEOUT,3,0.62,0,1
71977.11,NET_BANKING,TIMEOUT,1,0.82,1,1
46914.02,NET_BANKING,TIMEOUT,1,0.4,0,0
61730.06,CARD,UNKNOWN,1,0.85,1,1
16354.57,WALLET,TIMEOUT,2,0.64,0,1
96685.32,CARD,LIMIT_EXCEEDED,2,0.33,0,0
65598.87,WALLET,NETWORK_ERROR,4,0.31,0,0
72887.05,WALLET,NETWORK_ERROR,0,0.57,1,1
29215.87,WALLET,LIMIT_EXCEEDED,3,0.82,0,0
61298.79,CARD,INSUFFICIENT_FUNDS,3,0.55,0,0
14854.6,WALLET,LIMIT_EXCEEDED,0,0.33,0,0
52173.6,CARD,LIMIT_EXCEEDED,4,0.4,1,0
61841.8,NET_BANKING,LIMIT_EXCEEDED,2,0.64,1,0
30329.16,UPI,NETWORK_ERROR,2,0.76,0,0
72669.76,UPI,LIMIT_EXCEEDED,3,0.48,1,0
58560.57,CARD,LIMIT_EXCEEDED,4,0.83,0,0
3641.27,UPI,BANK_ERROR,0,0.6,0,0
41332.55,WALLET,UNKNOWN,0,0.78,1,1
66391.57,WALLET,NETWORK_ERROR,1,0.61,1,0
77312.98,NET_BANKING,LIMIT_EXCEEDED,3,0.43,0,0
94177.81,NET_BANKING,UNKNOWN,2,0.78,0,0
93403.19,NET_BANKING,NETWORK_ERROR,0,0.69,1,0
81928.56,CARD,NETWORK_ERROR,0,0.5,0,1
26016.18,WALLET,BANK_ERROR,1,0.86,0,1
14158.66,CARD,BANK_ERROR,0,0.76,1,1
10469.7,NET_BANKING,INVALID_DETAILS,3,0.37,0,0
92945.42,WALLET,INVALID_DETAILS,3,0.62,0,0
28898.83,UPI,UNKNOWN,0,0.74,0,0
93698.6,CARD,TIMEOUT,1,0.94,0,1
49790.7,NET_BANKING,INSUFFICIENT_FUNDS,0,0.5,1,0
28813.88,WALLET,BANK_ERROR,4,0.62,0,1
73246.36,NET_BANKING,INVALID_DETAILS,1,0.31,0,0
75849.63,CARD,LIMIT_EXCEEDED,3,0.86,1,0
9990.82,CARD,TIMEOUT,2,0.94,0,1
75498.79,NET_BANKING,NETWORK_ERROR,4,0.79,0,0
24012.11,UPI,TIMEOUT,2,0.41,1,0
77099.18,UPI,INVALID_DETAILS,2,0.55,0,0
15741.96,NET_BANKING,TIMEOUT,4,0.92,1,0
76305.03,UPI,LIMIT_EXCEEDED,3,0.66,0,0
6644.93,CARD,LIMIT_EXCEEDED,4,0.4,0,0
68189.38,WALLET,INSUFFICIENT_FUNDS,4,0.6,0,0
45951.45,UPI,LIMIT_EXCEEDED,3,0.76,0,0
81737.1,CARD,LIMIT_EXCEEDED,0,0.33,0,0
6495.44,UPI,TIMEOUT,0,0.5,0,0
97844.16,WALLET,NETWORK_ERROR,3,0.61,0,0
66348.36,CARD,INVALID_DETAILS,2,0.38,1,0
97883.08,UPI,UNKNOWN,0,0.97,0,1
53427.39,CARD,BANK_ERROR,3,0.54,0,0
76666.25,UPI,UNKNOWN,3,0.72,0,1
59597.44,WALLET,LIMIT_EXCEEDED,0,0.47,0,1
22118.29,UPI,BANK_ERROR,4,0.98,0,0
32230.92,NET_BANKING,BANK_ERROR,2,0.9,1,1
6565.28,CARD,INVALID_DETAILS,3,0.68,0,0
67298.58,NET_BANKING,INVALID_DETAILS,3,0.58,0,0
47615.12,CARD,NETWORK_ERROR,1,0.85,0,0
55950.03,CARD,TIMEOUT,1,0.47,0,0
84789.77,UPI,LIMIT_EXCEEDED,1,0.34,0,0
87425.24,CARD,UNKNOWN,4,0.79,1,0
90749.77,NET_BANKING,INSUFFICIENT_FUNDS,1,0.94,0,0
91486.91,CARD,TIMEOUT,1,0.68,0,0
36246.33,NET_BANKING,NETWORK_ERROR,4,0.9,0,0
47214.3,NET_BANKING,BANK_ERROR,2,0.51,0,1
15019.31,NET_BANKING,LIMIT_EXCEEDED,4,0.69,0,0
23386.85,CARD,TIMEOUT,4,0.75,0,0
96667.57,WALLET,TIMEOUT,1,0.8,0,0
49087.47,UPI,LIMIT_EXCEEDED,0,0.87,0,1
76551.71,WALLET,BANK_ERROR,1,0.35,0,0
37633.47,WALLET,INVALID_DETAILS,3,0.31,1,1
53177.06,NET_BANKING,LIMIT_EXCEEDED,2,0.31,0,0
11148.13,UPI,LIMIT_EXCEEDED,1,0.46,1,0
27098.81,WALLET,INSUFFICIENT_FUNDS,2,0.95,0,0
22972.8,UPI,INVALID_DETAILS,0,0.36,0,0
63856.43,CARD,INSUFFICIENT_FUNDS,3,0.87,0,0
9988.5,UPI,BANK_ERROR,1,0.91,1,1
7897.63,NET_BANKING,LIMIT_EXCEEDED,4,0.75,0,0
96166.18,CARD,UNKNOWN,3,0.93,0,0
83547.73,WALLET,INVALID_DETAILS,4,0.53,0,0
8303.56,NET_BANKING,INSUFFICIENT_FUNDS,0,0.6,0,0
95508.41,WALLET,UNKNOWN,2,0.32,0,0
23199.77,WALLET,TIMEOUT,1,0.76,0,0
79906.49,UPI,INSUFFICIENT_FUNDS,2,0.4,0,0
11101.82,UPI,NETWORK_ERROR,3,0.54,0,1
43382.46,WALLET,INSUFFICIENT_FUNDS,0,0.36,1,0
32780.82,WALLET,INSUFFICIENT_FUNDS,2,0.58,0,0
99276.65,CARD,LIMIT_EXCEEDED,4,0.42,0,0
27206.48,CARD,INSUFFICIENT_FUNDS,1,0.6,0,0
36431.93,CARD,INVALID_DETAILS,3,0.7,0,0
1173.35,WALLET,NETWORK_ERROR,4,0.56,0,0
82441.76,CARD,NETWORK_ERROR,2,0.71,0,1
40124.84,NET_BANKING,NETWORK_ERROR,3,0.96,0,1
78693.72,NET_BANKING,INSUFFICIENT_FUNDS,4,0.44,1,0
3178.15,WALLET,INVALID_DETAILS,1,0.6,0,1
84854.9,WALLET,INVALID_DETAILS,3,0.39,0,0
71666.02,WALLET,INSUFFICIENT_FUNDS,3,0.97,0,0
92387.83,WALLET,LIMIT_EXCEEDED,0,0.84,0,0
59585.08,UPI,INSUFFICIENT_FUNDS,1,0.75,0,0
56540.42,WALLET,UNKNOWN,2,0.96,0,1
22589.11,CARD,TIMEOUT,2,0.57,1,1
99771.42,WALLET,INSUFFICIENT_FUNDS,2,0.58,0,0
14596.68,NET_BANKING,NETWORK_ERROR,3,0.83,1,0
44097.51,WALLET,NETWORK_ERROR,0,0.5,0,1
11381.59,CARD,INVALID_DETAILS,1,0.65,1,0
95867.03,CARD,UNKNOWN,3,0.73,0,0
3404.63,CARD,TIMEOUT,4,0.59,0,1
75356.39,UPI,LIMIT_EXCEEDED,0,0.84,1,0
46026.27,NET_BANKING,INVALID_DETAILS,3,0.66,0,0
58906.97,NET_BANKING,NETWORK_ERROR,3,0.72,0,0
67374.95,NET_BANKING,INSUFFICIENT_FUNDS,1,0.51,0,1
39152.1,CARD,LIMIT_EXCEEDED,3,0.59,0,0
64703.38,CARD,LIMIT_EXCEEDED,1,0.63,0,0
62131.29,NET_BANKING,INSUFFICIENT_FUNDS,3,0.39,0,0
49749.5,WALLET,TIMEOUT,3,0.63,0,0
22442.69,UPI,NETWORK_ERROR,1,0.67,0,1
77368.49,WALLET,LIMIT_EXCEEDED,4,0.38,0,0
99093.92,UPI,UNKNOWN,3,0.67,0,0
75258.88,NET_BANKING,UNKNOWN,0,0.61,0,1
86596.4,UPI,UNKNOWN,1,0.44,1,0
61221.05,WALLET,BANK_ERROR,4,0.39,0,0
57222.4,NET_BANKING,LIMIT_EXCEEDED,4,0.41,0,0
85872.68,UPI,BANK_ERROR,3,0.92,0,1
86674.84,CARD,BANK_ERROR,2,0.86,0,0
27237.36,WALLET,TIMEOUT,3,0.35,0,0
69623.01,NET_BANKING,TIMEOUT,3,0.52,0,0
9767.59,WALLET,INVALID_DETAILS,2,0.88,1,0
82572.34,WALLET,NETWORK_ERROR,2,0.86,0,1
85316.05,NET_BANKING,INVALID_DETAILS,0,0.33,0,0
16219.36,WALLET,INSUFFICIENT_FUNDS,3,0.44,0,0
87505.13,NET_BANKING,INSUFFICIENT_FUNDS,2,0.47,0,0
5652.83,NET_BANKING,INVALID_DETAILS,1,0.59,0,1
47942.27,CARD,LIMIT_EXCEEDED,1,0.65,0,0
81802.35,WALLET,INVALID_DETAILS,1,0.62,0,0
10691.5,NET_BANKING,NETWORK_ERROR,2,0.39,0,0
7306.95,UPI,LIMIT_EXCEEDED,1,0.6,0,1
41465.13,WALLET,UNKNOWN,1,0.36,0,1
73135.91,NET_BANKING,TIMEOUT,2,0.84,0,1
55562.96,NET_BANKING,UNKNOWN,0,0.88,0,0
19270.33,WALLET,NETWORK_ERROR,0,0.83,0,1
50208.46,UPI,LIMIT_EXCEEDED,0,0.97,0,0
57053.85,NET_BANKING,LIMIT_EXCEEDED,1,0.82,0,1
26587.44,UPI,INSUFFICIENT_FUNDS,3,0.64,1,0
40526.6,CARD,NETWORK_ERROR,0,0.51,1,0
15960.02,NET_BANKING,TIMEOUT,4,0.73,0,0
95366.08,CARD,INSUFFICIENT_FUNDS,1,0.36,0,0
5975.35,CARD,INSUFFICIENT_FUNDS,0,0.78,0,0
52539.03,NET_BANKING,BANK_ERROR,2,0.39,0,1
90039.79,NET_BANKING,UNKNOWN,3,0.48,0,0
62939.52,WALLET,TIMEOUT,4,0.54,0,1
16152.34,UPI,LIMIT_EXCEEDED,0,0.46,1,0
1722.66,UPI,TIMEOUT,2,0.56,0,0
4018.68,WALLET,BANK_ERROR,2,0.47,0,1
37594.41,UPI,BANK_ERROR,1,0.85,0,1
46776.87,NET_BANKING,UNKNOWN,2,0.52,1,0
29513.71,NET_BANKING,INVALID_DETAILS,4,0.46,0,0
77375.02,CARD,INVALID_DETAILS,4,0.82,0,0
2879.07,NET_BANKING,INVALID_DETAILS,0,0.95,0,1
73939.22,NET_BANKING,INSUFFICIENT_FUNDS,1,0.66,0,0
97269.64,CARD,INVALID_DETAILS,2,0.36,0,0
70234.27,NET_BANKING,TIMEOUT,0,0.69,1,0
7945.63,UPI,TIMEOUT,1,0.46,0,0
39598.79,NET_BANKING,NETWORK_ERROR,3,0.48,0,1
77129.59,UPI,BANK_ERROR,0,0.41,0,1
36149.6,CARD,TIMEOUT,2,0.62,0,0
30769.39,UPI,BANK_ERROR,2,0.4,0,1
5370.59,NET_BANKING,NETWORK_ERROR,1,0.32,0,0
55237.03,UPI,TIMEOUT,0,0.85,0,1
78205.52,CARD,BANK_ERROR,1,0.86,0,0
8861.92,NET_BANKING,UNKNOWN,0,0.31,0,0
81025.22,UPI,UNKNOWN,2,0.38,0,0
43599.06,WALLET,TIMEOUT,0,0.56,0,1
19121.54,NET_BANKING,TIMEOUT,1,0.32,1,0
50139.72,WALLET,INSUFFICIENT_FUNDS,0,0.49,0,0
79821.2,CARD,INVALID_DETAILS,4,0.84,0,0
54679.52,WALLET,NETWORK_ERROR,4,0.64,0,1
59913.08,UPI,UNKNOWN,2,0.34,0,0
99960.77,CARD,INSUFFICIENT_FUNDS,1,0.75,0,0
73837.48,CARD,LIMIT_EXCEEDED,3,0.54,0,0
80717.92,NET_BANKING,LIMIT_EXCEEDED,0,0.78,0,0
56529.33,CARD,UNKNOWN,3,0.67,0,1
23646.02,CARD,INSUFFICIENT_FUNDS,4,0.63,0,1
13483.71,CARD,UNKNOWN,2,0.34,0,0
77549.47,NET_BANKING,INSUFFICIENT_FUNDS,2,0.78,0,1
32599.02,CARD,INVALID_DETAILS,3,0.84,0,1
96889.92,NET_BANKING,BANK_ERROR,4,0.85,0,0
13171.16,UPI,INVALID_DETAILS,4,0.57,1,0
92143.3,CARD,INVALID_DETAILS,4,0.37,0,0
24180.59,NET_BANKING,BANK_ERROR,0,0.86,0,1
25329.32,UPI,NETWORK_ERROR,2,0.84,0,1
42255.5,CARD,TIMEOUT,3,0.9,0,1
48209.18,CARD,BANK_ERROR,3,0.35,0,0
95190.38,UPI,NETWORK_ERROR,1,0.9,0,1
89863.36,UPI,NETWORK_ERROR,4,0.97,0,1
65536.7,WALLET,BANK_ERROR,0,0.37,0,1
55634.19,NET_BANKING,INVALID_DETAILS,2,0.5,0,0
84065.52,CARD,INSUFFICIENT_FUNDS,2,0.3,0,0
60221.45,CARD,INSUFFICIENT_FUNDS,0,0.44,0,0
11993.14,WALLET,TIMEOUT,3,0.91,0,0
18895.68,WALLET,NETWORK_ERROR,1,0.6,0,1
83789.34,UPI,BANK_ERROR,0,0.36,0,1
75767.46,CARD,LIMIT_EXCEEDED,0,0.87,1,0
86755.95,WALLET,LIMIT_EXCEEDED,1,0.62,0,0
3955.49,CARD,INSUFFICIENT_FUNDS,3,0.42,0,0
13055.51,WALLET,INSUFFICIENT_FUNDS,3,0.44,0,0
91125.05,UPI,INSUFFICIENT_FUNDS,3,0.68,1,0
46086.64,UPI,UNKNOWN,4,0.7,0,1
56876.1,UPI,INSUFFICIENT_FUNDS,4,0.83,0,0
87850.41,NET_BANKING,TIMEOUT,3,0.69,0,0
14813.34,WALLET,INSUFFICIENT_FUNDS,3,0.9,0,1
47784.21,NET_BANKING,NETWORK_ERROR,0,0.53,0,0
85894.36,UPI,UNKNOWN,1,0.39,0,0
73015.54,UPI,BANK_ERROR,3,0.44,0,0
86785.3,UPI,LIMIT_EXCEEDED,1,0.34,1,0
52666.48,UPI,BANK_ERROR,1,0.9,0,1
45916.64,NET_BANKING,INVALID_DETAILS,1,0.49,0,0
12825.35,UPI,BANK_ERROR,2,0.63,0,0
58894.58,NET_BANKING,NETWORK_ERROR,1,0.87,0,0
28864.4,WALLET,INSUFFICIENT_FUNDS,1,0.88,0,0
67930.68,NET_BANKING,INVALID_DETAILS,3,0.65,0,0
17733.47,UPI,BANK_ERROR,2,0.71,0,0
27900.17,WALLET,UNKNOWN,2,0.61,0,0
82518.93,WALLET,LIMIT_EXCEEDED,0,0.3,0,0
28626.35,UPI,TIMEOUT,0,0.53,0,0
26484.12,NET_BANKING,BANK_ERROR,1,0.65,0,0
80335.19,WALLET,INVALID_DETAILS,2,0.76,0,0
26312.91,WALLET,TIMEOUT,3,0.8,1,0
19396.56,CARD,INVALID_DETAILS,4,0.73,0,0
50977.83,CARD,UNKNOWN,4,0.42,0,0
72656.07,CARD,INVALID_DETAILS,2,0.75,0,0
31054.98,NET_BANKING,NETWORK_ERROR,2,0.7,0,1
86706.14,UPI,TIMEOUT,1,0.64,0,1
87149.49,CARD,BANK_ERROR,1,0.53,1,0
14750.8,CARD,UNKNOWN,0,0.63,0,1
45479.3,CARD,UNKNOWN,1,0.69,0,0
9260.11,WALLET,INVALID_DETAILS,3,0.57,0,1
20341.72,NET_BANKING,INSUFFICIENT_FUNDS,2,0.81,1,0
62855.35,CARD,BANK_ERROR,2,0.51,0,0
17118.51,UPI,NETWORK_ERROR,2,0.61,1,1
88853.42,CARD,NETWORK_ERROR,3,0.54,0,0
81294.83,UPI,BANK_ERROR,1,0.79,0,1
50711.04,UPI,NETWORK_ERROR,0,0.56,0,0
59595.44,UPI,INVALID_DETAILS,0,0.74,0,1
44709.27,UPI,LIMIT_EXCEEDED,2,0.62,0,0
1425.8,WALLET,INVALID_DETAILS,0,0.75,0,0
42173.16,UPI,LIMIT_EXCEEDED,4,0.38,0,0
61095.68,NET_BANKING,UNKNOWN,4,0.96,0,0
4420.87,WALLET,BANK_ERROR,3,0.52,0,1
11487.88,WALLET,BANK_ERROR,0,0.83,0,1
25961.26,CARD,TIMEOUT,2,0.48,0,1
4424.73,NET_BANKING,NETWORK_ERROR,2,0.59,0,0
5065.96,CARD,INVALID_DETAILS,1,0.52,0,1
73440.26,NET_BANKING,UNKNOWN,2,0.42,0,0
83652.98,WALLET,UNKNOWN,3,0.74,0,0
6335.32,CARD,INSUFFICIENT_FUNDS,3,0.92,0,0
18535.43,WALLET,UNKNOWN,2,0.72,0,0
88815.6,WALLET,INSUFFICIENT_FUNDS,0,0.48,0,0
52719.38,CARD,INVALID_DETAILS,2,0.65,1,0
25233.41,NET_BANKING,INVALID_DETAILS,3,0.4,1,0
1658.66,CARD,LIMIT_EXCEEDED,3,0.88,0,0
24468.74,NET_BANKING,INSUFFICIENT_FUNDS,4,0.45,0,0
46179.91,WALLET,INSUFFICIENT_FUNDS,3,0.6,0,0
2268.03,WALLET,TIMEOUT,0,0.68,0,0
96335.54,NET_BANKING,LIMIT_EXCEEDED,4,0.44,0,0
5900.38,CARD,UNKNOWN,3,0.53,1,0
36647.81,WALLET,INSUFFICIENT_FUNDS,0,0.82,0,1
63549.29,NET_BANKING,LIMIT_EXCEEDED,4,0.55,0,0
14474.69,WALLET,INSUFFICIENT_FUNDS,2,0.72,0,0
21951.16,CARD,INVALID_DETAILS,2,0.37,0,0
67378.11,UPI,UNKNOWN,3,0.61,1,0
50133.45,UPI,LIMIT_EXCEEDED,3,0.87,0,0
91063.06,CARD,INVALID_DETAILS,1,0.37,1,0
88198.36,WALLET,LIMIT_EXCEEDED,1,0.49,0,0
13770.5,WALLET,LIMIT_EXCEEDED,4,0.5,1,0
93583.45,CARD,BANK_ERROR,1,0.72,0,0
13700.84,CARD,LIMIT_EXCEEDED,4,0.77,0,0
56446.88,WALLET,INVALID_DETAILS,4,0.49,0,0
3014.58,CARD,INSUFFICIENT_FUNDS,0,0.44,0,0
15069.62,UPI,INVALID_DETAILS,2,0.44,1,0
10696.76,CARD,INVALID_DETAILS,4,0.56,1,0
29120.05,UPI,TIMEOUT,3,0.58,0,1
74495.16,CARD,LIMIT_EXCEEDED,3,0.86,0,0
60537.0,CARD,NETWORK_ERROR,3,0.42,0,0
51627.76,WALLET,INSUFFICIENT_FUNDS,3,0.49,0,0
25874.11,NET_BANKING,TIMEOUT,1,0.33,0,0
62723.98,NET_BANKING,TIMEOUT,4,0.67,0,0
22386.22,CARD,LIMIT_EXCEEDED,0,0.83,0,1
9648.58,CARD,BANK_ERROR,2,0.53,0,0
53284.64,UPI,INSUFFICIENT_FUNDS,2,0.6,1,0
4467.79,NET_BANKING,TIMEOUT,0,0.56,1,1
51928.35,NET_BANKING,LIMIT_EXCEEDED,4,0.6,0,0
32371.12,UPI,INSUFFICIENT_FUNDS,1,0.96,1,0
21472.76,CARD,UNKNOWN,3,0.87,0,0
97634.28,WALLET,INVALID_DETAILS,0,0.81,0,0
4269.69,UPI,INSUFFICIENT_FUNDS,1,0.84,1,0
91143.16,WALLET,TIMEOUT,3,0.73,0,0
12271.42,UPI,INVALID_DETAILS,4,0.34,1,0
36091.16,UPI,NETWORK_ERROR,2,0.71,0,1
39813.77,UPI,TIMEOUT,1,0.66,0,0
85022.01,NET_BANKING,INVALID_DETAILS,1,0.5,0,1
87539.31,CARD,INSUFFICIENT_FUNDS,0,0.3,1,0
8970.12,CARD,INVALID_DETAILS,2,0.44,1,0
61880.05,NET_BANKING,BANK_ERROR,0,0.42,1,0
93270.8,WALLET,INVALID_DETAILS,4,0.35,0,0
58269.27,NET_BANKING,NETWORK_ERROR,1,0.76,0,0
90061.8,NET_BANKING,TIMEOUT,3,0.52,0,1
56902.76,NET_BANKING,TIMEOUT,1,0.3,0,0
64263.44,NET_BANKING,UNKNOWN,2,0.39,0,0
36194.79,NET_BANKING,TIMEOUT,4,0.37,1,0
82731.15,CARD,NETWORK_ERROR,0,0.79,0,1
81357.92,WALLET,UNKNOWN,4,0.44,0,0
99873.45,WALLET,INVALID_DETAILS,1,0.55,0,0
85787.83,CARD,TIMEOUT,4,0.65,0,1
24268.64,CARD,UNKNOWN,4,0.4,0,0
66111.62,CARD,INVALID_DETAILS,3,0.94,0,0
6754.69,NET_BANKING,BANK_ERROR,0,0.75,1,1
47232.59,WALLET,INSUFFICIENT_FUNDS,0,0.97,0,0
63539.91,NET_BANKING,UNKNOWN,2,0.69,1,0
36847.03,UPI,LIMIT_EXCEEDED,2,0.56,0,0
86838.08,WALLET,UNKNOWN,3,0.9,0,1
16977.78,UPI,LIMIT_EXCEEDED,2,0.44,0,0
81787.03,CARD,TIMEOUT,2,0.79,0,0
59283.69,WALLET,INSUFFICIENT_FUNDS,1,0.33,1,0
51507.96,CARD,INSUFFICIENT_FUNDS,1,0.48,0,0
96939.75,UPI,INVALID_DETAILS,2,0.94,0,0
86796.59,CARD,BANK_ERROR,3,0.71,1,1
66135.05,NET_BANKING,BANK_ERROR,2,0.93,1,1
38853.46,UPI,INSUFFICIENT_FUNDS,1,0.66,1,0
60748.35,CARD,TIMEOUT,4,0.71,1,0
48482.97,CARD,LIMIT_EXCEEDED,4,0.86,0,0
4822.11,WALLET,BANK_ERROR,3,0.84,0,0
90831.96,UPI,TIMEOUT,1,0.47,0,1
60030.09,WALLET,NETWORK_ERROR,1,0.3,0,1
1215.81,CARD,INVALID_DETAILS,2,0.58,0,0
25736.46,WALLET,LIMIT_EXCEEDED,2,0.72,0,0
78486.95,WALLET,BANK_ERROR,2,0.68,0,1
34763.45,WALLET,INVALID_DETAILS,1,0.88,0,1
70081.49,CARD,INSUFFICIENT_FUNDS,1,0.65,0,0
68614.16,UPI,BANK_ERROR,3,0.96,0,0
47431.03,WALLET,INSUFFICIENT_FUNDS,0,0.48,0,1
38740.44,WALLET,LIMIT_EXCEEDED,4,0.49,1,0
17939.48,WALLET,TIMEOUT,0,0.44,1,1
60151.73,CARD,LIMIT_EXCEEDED,1,0.76,0,1
16165.75,NET_BANKING,UNKNOWN,3,0.54,0,0
2028.97,UPI,INSUFFICIENT_FUNDS,4,0.49,1,0
96347.12,NET_BANKING,BANK_ERROR,4,0.95,0,0
26480.2,WALLET,LIMIT_EXCEEDED,0,0.68,1,0
80392.75,NET_BANKING,LIMIT_EXCEEDED,4,0.47,0,0
77111.74,NET_BANKING,UNKNOWN,3,0.76,1,0
26153.07,WALLET,INVALID_DETAILS,1,0.76,0,0
35633.08,UPI,INVALID_DETAILS,2,0.47,0,0
34528.29,CARD,TIMEOUT,2,0.54,1,0
68469.18,CARD,TIMEOUT,1,0.46,0,1
20675.27,CARD,UNKNOWN,4,0.54,0,1
95600.08,WALLET,LIMIT_EXCEEDED,0,0.82,1,0
37434.06,NET_BANKING,TIMEOUT,4,0.89,0,0
51357.8,WALLET,BANK_ERROR,4,0.39,1,0
54306.41,NET_BANKING,TIMEOUT,1,0.61,0,0
69076.45,UPI,INVALID_DETAILS,1,0.56,0,0
26340.23,NET_BANKING,BANK_ERROR,2,0.62,1,1
42682.32,WALLET,INVALID_DETAILS,2,0.55,0,0
13548.35,CARD,UNKNOWN,0,0.79,0,0
20008.29,CARD,TIMEOUT,0,0.42,0,0
63249.87,NET_BANKING,UNKNOWN,3,0.5,1,0
10347.99,CARD,INSUFFICIENT_FUNDS,1,0.85,0,1
74587.03,NET_BANKING,NETWORK_ERROR,2,0.68,0,0
35433.5,CARD,LIMIT_EXCEEDED,4,0.74,1,0
35833.35,WALLET,UNKNOWN,3,0.9,0,0
95681.15,CARD,INVALID_DETAILS,2,0.59,1,0
7598.74,CARD,NETWORK_ERROR,1,0.51,0,0
39847.8,WALLET,UNKNOWN,2,0.81,1,0
18796.68,UPI,BANK_ERROR,1,0.75,0,1
10007.6,WALLET,LIMIT_EXCEEDED,0,0.32,0,0
10840.88,CARD,INSUFFICIENT_FUNDS,3,0.51,0,0
13077.96,CARD,INSUFFICIENT_FUNDS,0,0.75,0,1
87154.38,NET_BANKING,LIMIT_EXCEEDED,3,0.39,1,0
63289.23,WALLET,LIMIT_EXCEEDED,4,0.51,0,0
9410.63,NET_BANKING,NETWORK_ERROR,3,0.48,0,0
75950.2,CARD,NETWORK_ERROR,2,0.62,0,0
75669.53,NET_BANKING,INSUFFICIENT_FUNDS,3,0.84,1,1
37677.57,WALLET,LIMIT_EXCEEDED,3,0.57,0,0
82928.47,CARD,NETWORK_ERROR,0,0.59,0,0
61515.01,NET_BANKING,NETWORK_ERROR,4,0.85,0,1
14094.09,UPI,INVALID_DETAILS,3,0.72,0,0
32404.05,CARD,INSUFFICIENT_FUNDS,4,0.32,0,0
44122.46,UPI,BANK_ERROR,0,0.4,0,1
78679.67,WALLET,NETWORK_ERROR,3,0.77,0,0
95188.58,UPI,NETWORK_ERROR,3,0.35,0,0
25382.91,WALLET,UNKNOWN,0,0.38,0,0
25092.64,UPI,BANK_ERROR,3,0.8,0,0
47546.14,NET_BANKING,NETWORK_ERROR,1,0.73,0,1
12653.08,WALLET,INVALID_DETAILS,2,0.44,0,0
11736.38,WALLET,NETWORK_ERROR,0,0.41,0,1
24687.39,UPI,LIMIT_EXCEEDED,3,0.77,0,1
16191.0,UPI,INVALID_DETAILS,4,0.53,0,0
70282.15,UPI,BANK_ERROR,3,0.46,1,0
80649.77,WALLET,INVALID_DETAILS,1,0.31,0,0
89916.97,WALLET,INVALID_DETAILS,3,0.68,1,0
19069.36,NET_BANKING,NETWORK_ERROR,3,0.49,1,0
7353.22,CARD,TIMEOUT,2,0.86,1,1
63983.59,WALLET,INVALID_DETAILS,1,0.9,1,0
24259.26,UPI,INVALID_DETAILS,4,0.86,0,0
55371.05,NET_BANKING,NETWORK_ERROR,3,0.74,0,0
4855.84,CARD,BANK_ERROR,0,0.44,0,1
64354.29,WALLET,INVALID_DETAILS,3,0.66,1,0
60792.39,UPI,INSUFFICIENT_FUNDS,1,0.75,0,0
36412.14,WALLET,UNKNOWN,2,0.84,0,1
4544.99,UPI,UNKNOWN,2,0.35,0,1
72654.61,WALLET,BANK_ERROR,1,0.66,0,0
56063.14,WALLET,INVALID_DETAILS,0,0.82,1,0
66691.61,UPI,BANK_ERROR,1,0.67,1,1
99844.14,WALLET,NETWORK_ERROR,2,0.67,0,1
63507.46,NET_BANKING,LIMIT_EXCEEDED,1,0.68,0,0
74585.55,NET_BANKING,TIMEOUT,3,0.95,0,0
59778.4,CARD,NETWORK_ERROR,0,0.5,0,1
77266.55,NET_BANKING,LIMIT_EXCEEDED,4,0.68,1,0
35887.75,CARD,NETWORK_ERROR,2,0.9,0,0
9644.56,WALLET,LIMIT_EXCEEDED,1,0.8,0,1
82657.67,UPI,LIMIT_EXCEEDED,2,0.33,1,0
92226.21,NET_BANKING,NETWORK_ERROR,3,0.58,0,1
65451.53,UPI,INVALID_DETAILS,3,0.34,1,0
15383.21,CARD,BANK_ERROR,0,0.76,0,1
57737.86,UPI,BANK_ERROR,3,0.5,0,0
47847.54,UPI,LIMIT_EXCEEDED,3,0.48,0,0
13472.33,CARD,TIMEOUT,4,0.43,0,1
61791.69,CARD,BANK_ERROR,0,0.48,0,0
9414.67,WALLET,TIMEOUT,2,0.54,0,0
77083.29,CARD,NETWORK_ERROR,4,0.86,0,0
92459.21,CARD,BANK_ERROR,2,0.41,0,1
94919.62,CARD,UNKNOWN,2,0.31,0,0
33521.73,CARD,BANK_ERROR,4,0.66,0,0
99234.06,UPI,TIMEOUT,4,0.92,1,0
28759.35,NET_BANKING,INSUFFICIENT_FUNDS,3,0.75,0,0
66466.67,NET_BANKING,UNKNOWN,0,0.31,0,0
97672.89,UPI,NETWORK_ERROR,3,0.89,1,0
96695.74,UPI,INSUFFICIENT_FUNDS,1,0.93,0,1
16122.02,NET_BANKING,INVALID_DETAILS,2,0.54,0,0
50374.52,UPI,INVALID_DETAILS,2,0.9,0,0
22945.48,NET_BANKING,TIMEOUT,1,0.36,0,0
87333.8,CARD,TIMEOUT,1,0.69,0,0
33263.83,CARD,BANK_ERROR,1,0.7,0,1
70661.07,CARD,TIMEOUT,1,0.75,1,1
55955.36,UPI,BANK_ERROR,2,0.87,0,0
88073.12,WALLET,TIMEOUT,2,0.6,0,1
13588.82,UPI,UNKNOWN,4,0.72,1,0
23602.16,UPI,NETWORK_ERROR,0,0.77,0,0
47141.97,NET_BANKING,BANK_ERROR,3,0.63,0,1
41154.62,UPI,NETWORK_ERROR,3,0.45,0,1
92746.77,WALLET,UNKNOWN,4,0.63,0,0
43041.79,UPI,LIMIT_EXCEEDED,3,0.79,0,0
59583.68,UPI,LIMIT_EXCEEDED,0,0.61,0,1
54017.98,UPI,LIMIT_EXCEEDED,3,0.65,0,0
88497.56,NET_BANKING,TIMEOUT,1,0.59,1,0
90415.73,WALLET,UNKNOWN,3,0.36,1,0
93815.32,CARD,TIMEOUT,3,0.52,0,0
71407.12,CARD,TIMEOUT,0,0.47,0,1
11859.41,WALLET,INVALID_DETAILS,2,0.36,0,0
61401.22,CARD,TIMEOUT,4,0.56,0,0
66123.27,CARD,BANK_ERROR,1,0.42,0,1
76978.73,WALLET,NETWORK_ERROR,1,0.38,0,1
76656.88,UPI,TIMEOUT,3,0.88,1,0
49599.95,CARD,LIMIT_EXCEEDED,3,0.61,0,0
24848.96,NET_BANKING,LIMIT_EXCEEDED,4,0.86,0,1
65501.05,UPI,BANK_ERROR,0,0.75,1,0
5378.62,WALLET,BANK_ERROR,1,0.76,1,0
57442.12,CARD,TIMEOUT,4,0.54,0,0
37172.66,WALLET,UNKNOWN,0,0.82,1,0
12641.31,NET_BANKING,NETWORK_ERROR,4,0.58,0,0
11375.57,UPI,TIMEOUT,4,0.94,0,0
26336.17,NET_BANKING,BANK_ERROR,4,0.68,1,0
80894.05,CARD,INVALID_DETAILS,2,0.97,0,0
79774.89,CARD,UNKNOWN,4,0.98,0,0
80701.33,CARD,INSUFFICIENT_FUNDS,1,0.77,0,1
50915.62,NET_BANKING,UNKNOWN,0,0.38,0,0
61791.34,UPI,UNKNOWN,1,0.43,0,0
47712.8,UPI,INVALID_DETAILS,1,0.63,0,0
33843.41,WALLET,INVALID_DETAILS,0,0.87,0,0
55740.13,UPI,BANK_ERROR,4,0.77,0,1
84153.55,NET_BANKING,TIMEOUT,4,0.87,1,1
12126.04,NET_BANKING,INVALID_DETAILS,2,0.78,0,0
24145.4,WALLET,UNKNOWN,2,0.45,0,0
4220.81,CARD,INSUFFICIENT_FUNDS,3,0.64,0,1
34341.53,WALLET,INVALID_DETAILS,4,0.51,0,0
82302.78,CARD,BANK_ERROR,0,0.61,1,1
4880.98,UPI,NETWORK_ERROR,3,0.9,0,0
31591.84,NET_BANKING,INVALID_DETAILS,1,0.52,0,0
77392.32,UPI,NETWORK_ERROR,1,0.41,0,0
51649.04,CARD,LIMIT_EXCEEDED,2,0.67,0,0
28685.14,CARD,BANK_ERROR,0,0.51,0,1
3384.77,UPI,INSUFFICIENT_FUNDS,3,0.34,0,0
89181.95,WALLET,LIMIT_EXCEEDED,2,0.51,0,0
53581.75,WALLET,LIMIT_EXCEEDED,1,0.36,0,0
64619.65,WALLET,TIMEOUT,1,0.94,0,1
91329.73,WALLET,BANK_ERROR,2,0.84,0,1
47795.77,NET_BANKING,TIMEOUT,3,0.88,0,0
13175.7,UPI,TIMEOUT,0,0.52,0,1
40381.24,WALLET,BANK_ERROR,4,0.47,0,0
34401.06,WALLET,UNKNOWN,3,0.69,0,1
66429.92,UPI,INVALID_DETAILS,4,0.87,0,0
55731.23,WALLET,BANK_ERROR,2,0.95,0,0
59842.34,WALLET,NETWORK_ERROR,3,0.74,0,0
88782.52,UPI,UNKNOWN,1,0.75,0,1
58004.18,CARD,BANK_ERROR,2,0.5,0,0
71920.23,NET_BANKING,INSUFFICIENT_FUNDS,4,0.31,1,0
29771.37,NET_BANKING,LIMIT_EXCEEDED,0,0.3,1,0
86194.16,UPI,BANK_ERROR,3,0.78,0,0
40900.25,WALLET,LIMIT_EXCEEDED,1,0.75,0,0
84411.1,NET_BANKING,UNKNOWN,3,0.4,0,0
2062.93,WALLET,INVALID_DETAILS,3,0.96,0,0
41877.62,WALLET,UNKNOWN,4,0.93,1,0
55428.98,WALLET,TIMEOUT,2,0.45,0,0
84756.99,CARD,INVALID_DETAILS,4,0.48,1,0
4267.57,WALLET,INVALID_DETAILS,2,0.38,0,1
73153.45,NET_BANKING,TIMEOUT,4,0.35,1,0
74297.77,UPI,INVALID_DETAILS,4,0.84,0,0
53735.81,UPI,TIMEOUT,3,0.65,0,0
35615.0,NET_BANKING,NETWORK_ERROR,1,0.32,1,0
56588.77,UPI,INVALID_DETAILS,3,0.69,1,0
80985.13,UPI,NETWORK_ERROR,3,0.36,1,0
25579.07,NET_BANKING,NETWORK_ERROR,2,0.31,0,0
74027.24,WALLET,NETWORK_ERROR,1,0.48,0,0
86270.44,NET_BANKING,INSUFFICIENT_FUNDS,1,0.7,0,0
41588.31,WALLET,BANK_ERROR,3,0.79,0,0
34835.03,NET_BANKING,UNKNOWN,0,0.34,0,1
74741.98,CARD,TIMEOUT,3,0.62,0,0
29234.83,WALLET,TIMEOUT,2,0.95,0,1
35705.9,WALLET,LIMIT_EXCEEDED,2,0.53,0,1
58625.59,WALLET,UNKNOWN,1,0.8,1,0
67932.96,CARD,NETWORK_ERROR,4,0.31,0,1
10221.03,UPI,INVALID_DETAILS,3,0.54,0,0
62130.02,UPI,LIMIT_EXCEEDED,1,0.95,0,1
85715.86,CARD,TIMEOUT,4,0.85,0,0
25706.91,WALLET,INVALID_DETAILS,0,0.73,0,0
66924.13,NET_BANKING,NETWORK_ERROR,1,0.83,0,1
33599.15,UPI,NETWORK_ERROR,2,0.42,0,0
61225.04,CARD,INVALID_DETAILS,3,0.37,1,0
64512.15,WALLET,INVALID_DETAILS,2,0.37,0,0
77835.1,UPI,TIMEOUT,1,0.74,0,0
27010.43,NET_BANKING,TIMEOUT,4,0.3,0,0
72912.86,UPI,LIMIT_EXCEEDED,1,0.3,0,0
99164.34,NET_BANKING,INVALID_DETAILS,2,0.57,0,0
34336.25,WALLET,UNKNOWN,2,0.74,0,0
66243.04,NET_BANKING,INVALID_DETAILS,3,0.91,0,0
44079.38,CARD,BANK_ERROR,0,0.43,1,0
79377.55,NET_BANKING,TIMEOUT,4,0.96,0,1
34258.87,NET_BANKING,UNKNOWN,0,0.58,0,0
46107.85,CARD,INVALID_DETAILS,4,0.46,0,0
65556.24,WALLET,LIMIT_EXCEEDED,0,0.47,0,0
90513.9,UPI,TIMEOUT,4,0.42,1,0
11860.88,CARD,INSUFFICIENT_FUNDS,1,0.59,0,0
57808.72,CARD,NETWORK_ERROR,1,0.82,1,1
27752.39,WALLET,BANK_ERROR,2,0.68,0,0
13770.4,WALLET,UNKNOWN,1,0.31,0,1
92650.63,NET_BANKING,TIMEOUT,3,0.77,0,0
45316.7,CARD,BANK_ERROR,4,0.77,1,0
95054.66,NET_BANKING,NETWORK_ERROR,3,0.3,0,0
97690.75,NET_BANKING,UNKNOWN,4,0.65,0,0
28004.45,CARD,INSUFFICIENT_FUNDS,1,0.77,0,1
92305.97,UPI,INVALID_DETAILS,2,0.49,0,0
89062.92,WALLET,INSUFFICIENT_FUNDS,0,0.8,1,0
48763.61,UPI,INSUFFICIENT_FUNDS,1,0.79,1,0
74835.13,NET_BANKING,BANK_ERROR,0,0.52,0,1
20395.61,CARD,INSUFFICIENT_FUNDS,3,0.7,0,1
92824.77,WALLET,BANK_ERROR,3,0.55,0,0
97567.81,CARD,NETWORK_ERROR,1,0.32,1,0
85239.31,WALLET,TIMEOUT,1,0.82,0,1
79059.92,CARD,LIMIT_EXCEEDED,4,0.88,0,0
86288.81,CARD,LIMIT_EXCEEDED,3,0.87,0,0
87323.55,CARD,NETWORK_ERROR,3,0.69,1,0
89876.05,WALLET,INSUFFICIENT_FUNDS,0,0.97,1,0
48187.3,UPI,TIMEOUT,3,0.46,1,0
40958.5,CARD,BANK_ERROR,2,0.5,0,0
16599.38,WALLET,UNKNOWN,4,0.81,0,0
14293.08,WALLET,BANK_ERROR,2,0.73,0,1
89396.73,NET_BANKING,LIMIT_EXCEEDED,0,0.5,0,0
57735.32,CARD,UNKNOWN,0,0.72,0,1
94559.56,NET_BANKING,INSUFFICIENT_FUNDS,0,0.56,0,1
17939.11,UPI,LIMIT_EXCEEDED,1,0.39,0,1
48110.1,CARD,UNKNOWN,1,0.52,0,0
5918.77,NET_BANKING,NETWORK_ERROR,3,0.63,1,0
53424.5,NET_BANKING,TIMEOUT,4,0.55,0,0
9187.22,WALLET,BANK_ERROR,2,0.95,0,1
69859.67,WALLET,BANK_ERROR,1,0.65,0,0
54372.78,CARD,TIMEOUT,2,0.59,0,1
87243.47,CARD,UNKNOWN,4,0.74,0,0
78789.02,WALLET,LIMIT_EXCEEDED,4,0.87,0,0
89879.05,NET_BANKING,BANK_ERROR,2,0.45,0,0
5208.23,NET_BANKING,NETWORK_ERROR,3,0.95,1,0
28882.03,CARD,UNKNOWN,1,0.41,0,0
13084.11,NET_BANKING,NETWORK_ERROR,1,0.44,0,0
15220.45,WALLET,LIMIT_EXCEEDED,1,0.66,0,1
50191.98,CARD,TIMEOUT,2,0.41,1,0
70692.41,WALLET,NETWORK_ERROR,4,0.75,1,0
34199.1,UPI,INVALID_DETAILS,3,0.91,0,1
2967.16,CARD,TIMEOUT,2,0.36,0,1
52880.17,NET_BANKING,BANK_ERROR,0,0.36,0,0
97596.03,WALLET,BANK_ERROR,3,0.52,1,1
66843.26,WALLET,BANK_ERROR,3,0.55,0,0
31154.49,WALLET,UNKNOWN,4,0.36,0,0
44529.18,CARD,UNKNOWN,3,0.8,0,0
9064.76,CARD,NETWORK_ERROR,3,0.97,1,1
96029.48,WALLET,INSUFFICIENT_FUNDS,0,0.58,0,0
71169.58,CARD,BANK_ERROR,1,0.87,0,1
82711.71,NET_BANKING,TIMEOUT,4,0.8,0,1
26636.36,WALLET,INSUFFICIENT_FUNDS,2,0.58,0,0
3330.04,NET_BANKING,TIMEOUT,0,0.71,0,1
86900.42,WALLET,INVALID_DETAILS,0,0.55,1,0
58374.62,CARD,NETWORK_ERROR,3,0.9,0,1
36435.76,NET_BANKING,INSUFFICIENT_FUNDS,2,0.5,0,0
18733.13,UPI,LIMIT_EXCEEDED,1,0.67,0,0
30456.69,NET_BANKING,INSUFFICIENT_FUNDS,4,0.69,0,0
37614.91,WALLET,TIMEOUT,2,0.93,0,1
22500.79,CARD,UNKNOWN,4,0.72,1,0
70375.36,UPI,TIMEOUT,3,0.92,0,0
48212.06,NET_BANKING,INVALID_DETAILS,2,0.39,0,0
76477.16,NET_BANKING,BANK_ERROR,2,0.32,0,0
14664.75,CARD,NETWORK_ERROR,1,0.44,0,0
11616.36,UPI,UNKNOWN,3,0.81,0,1
66148.99,UPI,TIMEOUT,0,0.92,0,0
75577.75,UPI,LIMIT_EXCEEDED,1,0.7,0,0
9532.54,NET_BANKING,LIMIT_EXCEEDED,2,0.54,1,0
50738.47,UPI,INSUFFICIENT_FUNDS,4,0.82,1,0
28544.75,UPI,INVALID_DETAILS,0,0.93,1,0
69964.22,CARD,TIMEOUT,0,0.42,0,1
51667.97,WALLET,INSUFFICIENT_FUNDS,2,0.38,0,0
36444.42,NET_BANKING,LIMIT_EXCEEDED,0,0.36,0,0
60238.76,NET_BANKING,INVALID_DETAILS,3,0.45,0,0
19284.11,UPI,UNKNOWN,3,0.94,0,0
49419.01,UPI,TIMEOUT,3,0.66,0,0
69656.19,UPI,INVALID_DETAILS,1,0.34,0,0
99070.8,UPI,BANK_ERROR,3,0.79,0,0
59568.17,WALLET,NETWORK_ERROR,3,0.75,0,0
15163.72,WALLET,INSUFFICIENT_FUNDS,0,0.47,0,0
3457.49,UPI,UNKNOWN,0,0.64,0,1
68080.83,CARD,NETWORK_ERROR,4,0.72,0,0
49472.66,WALLET,BANK_ERROR,2,0.75,0,1
81043.42,UPI,UNKNOWN,0,0.97,0,1
37945.49,WALLET,INSUFFICIENT_FUNDS,0,0.42,0,1
43352.77,NET_BANKING,INVALID_DETAILS,3,0.63,0,0
55601.5,WALLET,TIMEOUT,4,0.88,1,0
59308.99,WALLET,LIMIT_EXCEEDED,2,0.82,0,1
4989.29,NET_BANKING,NETWORK_ERROR,4,0.32,0,0
99198.58,WALLET,NETWORK_ERROR,0,0.75,0,1
8951.7,UPI,UNKNOWN,2,0.38,0,0
46360.48,WALLET,LIMIT_EXCEEDED,4,0.91,0,0
2712.53,NET_BANKING,TIMEOUT,4,0.57,1,0
69240.96,CARD,NETWORK_ERROR,3,0.64,0,0
96958.06,CARD,TIMEOUT,0,0.87,1,1
30083.37,WALLET,UNKNOWN,1,0.72,0,0
59390.53,NET_BANKING,INSUFFICIENT_FUNDS,4,0.84,0,0
8127.83,NET_BANKING,LIMIT_EXCEEDED,2,0.59,1,0
25500.85,WALLET,INVALID_DETAILS,4,0.42,0,0
19060.62,WALLET,BANK_ERROR,3,0.48,1,0
90730.16,UPI,LIMIT_EXCEEDED,1,0.55,0,0
76670.24,WALLET,TIMEOUT,2,0.88,0,0
27060.01,NET_BANKING,INVALID_DETAILS,1,0.47,1,0
15421.24,UPI,BANK_ERROR,2,0.62,1,1
90612.73,CARD,BANK_ERROR,2,0.39,0,1
55295.26,UPI,INVALID_DETAILS,3,0.83,0,1
60359.17,UPI,TIMEOUT,2,0.76,0,0
84353.65,CARD,INSUFFICIENT_FUNDS,4,0.8,0,0
94992.61,NET_BANKING,TIMEOUT,0,0.46,0,1
83317.25,WALLET,UNKNOWN,1,0.94,0,1
97007.39,WALLET,TIMEOUT,2,0.89,0,1
94896.73,NET_BANKING,LIMIT_EXCEEDED,3,0.62,0,0
93728.74,NET_BANKING,TIMEOUT,2,0.86,0,0
3963.54,UPI,INVALID_DETAILS,1,0.47,0,0
36604.08,UPI,LIMIT_EXCEEDED,1,0.88,0,0
92786.99,NET_BANKING,NETWORK_ERROR,0,0.94,0,0
16442.61,WALLET,INVALID_DETAILS,2,0.9,0,1
8469.41,WALLET,TIMEOUT,3,0.93,0,0
82114.01,CARD,INVALID_DETAILS,2,0.64,0,0
54998.91,NET_BANKING,TIMEOUT,0,0.82,0,0
14041.18,WALLET,BANK_ERROR,2,0.51,0,1
71499.61,CARD,UNKNOWN,4,0.77,0,0
13784.23,CARD,INVALID_DETAILS,4,0.86,0,0
18597.98,WALLET,UNKNOWN,4,0.45,0,0
62849.42,UPI,TIMEOUT,1,0.48,0,0
60239.08,CARD,INSUFFICIENT_FUNDS,2,0.42,1,0
43798.29,WALLET,UNKNOWN,3,0.38,0,0
78321.13,NET_BANKING,INVALID_DETAILS,3,0.56,0,0
99523.14,NET_BANKING,INVALID_DETAILS,1,0.58,0,1
97624.75,CARD,LIMIT_EXCEEDED,3,0.92,0,0
9031.0,WALLET,BANK_ERROR,2,0.96,0,0
70991.09,NET_BANKING,INSUFFICIENT_FUNDS,0,0.68,0,1
90868.54,UPI,INSUFFICIENT_FUNDS,2,0.64,0,0
37404.67,UPI,LIMIT_EXCEEDED,1,0.48,1,0
47074.44,UPI,NETWORK_ERROR,4,0.59,0,1
13223.21,NET_BANKING,INVALID_DETAILS,2,0.93,0,1
83044.12,NET_BANKING,LIMIT_EXCEEDED,2,0.6,0,0
76485.7,CARD,LIMIT_EXCEEDED,3,0.34,0,0
47289.63,CARD,INVALID_DETAILS,3,0.6,0,0
71048.4,WALLET,TIMEOUT,3,0.38,0,0
86883.22,CARD,UNKNOWN,1,0.81,0,0
21633.42,UPI,LIMIT_EXCEEDED,4,0.42,0,0
9883.37,NET_BANKING,INSUFFICIENT_FUNDS,2,0.76,0,0
95146.38,NET_BANKING,BANK_ERROR,0,0.36,0,0
59623.32,UPI,NETWORK_ERROR,0,0.75,0,0
73564.8,CARD,BANK_ERROR,0,0.85,0,1
7537.05,WALLET,INSUFFICIENT_FUNDS,3,0.47,0,0
9374.24,CARD,BANK_ERROR,3,0.83,0,0
15836.4,NET_BANKING,TIMEOUT,3,0.8,0,0
36224.9,UPI,UNKNOWN,2,0.65,0,0
27213.7,WALLET,INSUFFICIENT_FUNDS,3,0.85,1,0
9748.27,NET_BANKING,TIMEOUT,1,0.74,0,1
64898.93,UPI,NETWORK_ERROR,3,0.6,0,0
68589.24,NET_BANKING,UNKNOWN,1,0.66,0,0
91771.55,UPI,LIMIT_EXCEEDED,3,0.58,0,0
25711.34,NET_BANKING,LIMIT_EXCEEDED,0,0.82,0,0
18365.44,CARD,UNKNOWN,3,0.33,0,0
58927.23,WALLET,UNKNOWN,3,0.72,0,0
81095.6,CARD,BANK_ERROR,0,0.81,1,0
43662.99,UPI,INSUFFICIENT_FUNDS,3,0.38,0,0
40806.61,WALLET,NETWORK_ERROR,4,0.85,1,0
69184.19,WALLET,UNKNOWN,2,0.36,0,0
2080.58,CARD,UNKNOWN,0,0.44,0,1
62792.89,CARD,INSUFFICIENT_FUNDS,2,0.82,0,1
17027.5,CARD,INVALID_DETAILS,3,0.96,0,0
24641.65,NET_BANKING,LIMIT_EXCEEDED,3,0.33,0,0
43462.9,WALLET,UNKNOWN,3,0.8,1,0
4183.21,WALLET,TIMEOUT,4,0.7,1,0
86829.6,CARD,INVALID_DETAILS,0,0.66,0,0
27150.96,WALLET,TIMEOUT,0,0.64,0,1
16552.68,CARD,TIMEOUT,2,0.6,1,0
34245.72,WALLET,BANK_ERROR,2,0.79,0,0
67474.18,NET_BANKING,UNKNOWN,3,0.84,0,0
75050.8,WALLET,BANK_ERROR,1,0.44,1,0
94333.94,WALLET,NETWORK_ERROR,1,0.44,0,1
26450.4,CARD,BANK_ERROR,4,0.32,0,1
23055.68,CARD,TIMEOUT,2,0.98,0,0
55923.72,CARD,UNKNOWN,4,0.71,0,0
44063.76,WALLET,UNKNOWN,0,0.96,1,0
10635.87,UPI,LIMIT_EXCEEDED,0,0.41,0,0
16124.74,NET_BANKING,INVALID_DETAILS,3,0.82,0,1
64885.75,NET_BANKING,UNKNOWN,1,0.38,0,0
77018.8,CARD,UNKNOWN,3,0.53,1,0
71662.37,WALLET,NETWORK_ERROR,1,0.4,1,0
80275.98,WALLET,TIMEOUT,3,0.95,1,0
3461.41,CARD,UNKNOWN,0,0.79,1,1
31823.05,CARD,TIMEOUT,0,0.57,0,0
90299.86,UPI,INVALID_DETAILS,4,0.96,0,0
55584.24,NET_BANKING,INVALID_DETAILS,2,0.92,0,0
61234.91,CARD,INVALID_DETAILS,3,0.6,0,0
62009.65,WALLET,INVALID_DETAILS,2,0.9,0,0
8885.95,NET_BANKING,TIMEOUT,1,0.65,1,1
55402.69,NET_BANKING,UNKNOWN,1,0.32,1,0
77528.7,WALLET,LIMIT_EXCEEDED,0,0.8,0,0
12819.4,UPI,TIMEOUT,2,0.69,0,0
80636.06,CARD,NETWORK_ERROR,2,0.49,1,0
52206.83,CARD,INSUFFICIENT_FUNDS,2,0.65,0,0
10249.79,WALLET,UNKNOWN,3,0.36,0,0
21871.05,UPI,NETWORK_ERROR,4,0.57,1,0
26737.52,WALLET,INVALID_DETAILS,3,0.98,0,0
16702.86,CARD,TIMEOUT,3,0.39,1,0
21657.93,WALLET,INSUFFICIENT_FUNDS,1,0.94,0,1
85305.62,UPI,INSUFFICIENT_FUNDS,2,0.69,0,1
30840.0,NET_BANKING,NETWORK_ERROR,2,0.63,0,0
5340.78,NET_BANKING,NETWORK_ERROR,1,0.42,0,0
7222.67,UPI,TIMEOUT,3,0.69,1,0
38041.91,CARD,UNKNOWN,1,0.64,0,0
15323.77,NET_BANKING,INSUFFICIENT_FUNDS,4,0.75,0,0
34230.29,UPI,INVALID_DETAILS,3,0.8,0,0
57413.48,NET_BANKING,LIMIT_EXCEEDED,0,0.74,0,0
57897.13,UPI,LIMIT_EXCEEDED,4,0.43,0,1
65996.31,CARD,INSUFFICIENT_FUNDS,2,0.83,0,0
58165.5,UPI,UNKNOWN,4,0.71,0,0
93417.95,NET_BANKING,TIMEOUT,1,0.58,1,0
11907.14,UPI,LIMIT_EXCEEDED,1,0.49,0,1
31026.02,WALLET,INVALID_DETAILS,1,0.34,0,0
30153.42,UPI,NETWORK_ERROR,1,0.58,0,0
90000.4,UPI,BANK_ERROR,1,0.81,1,0
50689.91,UPI,NETWORK_ERROR,0,0.52,1,0
41045.63,CARD,INSUFFICIENT_FUNDS,2,0.68,1,1
55693.39,CARD,NETWORK_ERROR,4,0.58,0,0
78396.72,CARD,NETWORK_ERROR,4,0.97,0,0
91193.53,WALLET,INSUFFICIENT_FUNDS,0,0.85,1,0
554.02,WALLET,NETWORK_ERROR,4,0.47,0,0
21669.04,NET_BANKING,INSUFFICIENT_FUNDS,1,0.8,1,1
69993.72,CARD,INVALID_DETAILS,4,0.98,0,0
80304.63,NET_BANKING,INVALID_DETAILS,2,0.97,0,0
32503.01,CARD,TIMEOUT,4,0.52,0,1
47914.63,UPI,INVALID_DETAILS,1,0.58,0,0
78836.87,UPI,LIMIT_EXCEEDED,0,0.91,0,1
81371.73,NET_BANKING,TIMEOUT,1,0.87,0,1
19702.59,UPI,BANK_ERROR,0,0.82,0,0
62711.04,CARD,BANK_ERROR,3,0.96,0,0
70843.32,CARD,INSUFFICIENT_FUNDS,1,0.97,0,1
50282.4,CARD,LIMIT_EXCEEDED,1,0.75,1,0
17965.12,CARD,INVALID_DETAILS,0,0.39,1,0
73025.44,NET_BANKING,BANK_ERROR,0,0.97,1,0
88368.64,UPI,TIMEOUT,0,0.88,0,0
27766.54,WALLET,TIMEOUT,2,0.65,0,1
28154.34,WALLET,LIMIT_EXCEEDED,3,0.52,0,0
57396.05,UPI,INVALID_DETAILS,1,0.97,0,0
20089.24,NET_BANKING,NETWORK_ERROR,0,0.73,0,1
2890.34,NET_BANKING,UNKNOWN,2,0.47,0,0
5916.07,NET_BANKING,LIMIT_EXCEEDED,1,0.94,1,0
62722.2,UPI,INSUFFICIENT_FUNDS,0,0.92,0,0
6970.31,CARD,INSUFFICIENT_FUNDS,3,0.34,1,0
67917.66,UPI,NETWORK_ERROR,3,0.57,1,0
60157.8,UPI,TIMEOUT,3,0.62,0,0
34291.84,UPI,TIMEOUT,4,0.52,0,1
71473.29,CARD,LIMIT_EXCEEDED,1,0.73,0,0
62274.66,CARD,BANK_ERROR,1,0.84,0,0
51556.01,NET_BANKING,NETWORK_ERROR,4,0.9,0,0
34618.58,NET_BANKING,INSUFFICIENT_FUNDS,4,0.7,0,0
83599.91,UPI,TIMEOUT,2,0.43,0,1
7306.18,CARD,INVALID_DETAILS,3,0.77,0,0
58051.87,NET_BANKING,LIMIT_EXCEEDED,2,0.58,0,0
91099.03,WALLET,BANK_ERROR,0,0.73,0,1
48334.25,NET_BANKING,UNKNOWN,3,0.44,0,1
1484.26,NET_BANKING,INSUFFICIENT_FUNDS,4,0.38,0,0
91314.52,NET_BANKING,INSUFFICIENT_FUNDS,0,0.44,0,0
72024.25,NET_BANKING,UNKNOWN,4,0.47,0,0
91109.57,UPI,UNKNOWN,1,0.56,0,1
45892.27,NET_BANKING,UNKNOWN,2,0.75,1,0
88225.55,UPI,INSUFFICIENT_FUNDS,1,0.9,0,1
38130.46,NET_BANKING,NETWORK_ERROR,4,0.59,0,0
58938.92,NET_BANKING,UNKNOWN,1,0.52,0,1
13082.62,WALLET,BANK_ERROR,0,0.83,1,1
75255.15,NET_BANKING,TIMEOUT,4,0.62,0,0
48588.06,WALLET,TIMEOUT,2,0.7,1,1
89541.02,WALLET,UNKNOWN,1,0.57,0,0
16142.33,NET_BANKING,NETWORK_ERROR,4,0.36,0,0
23402.67,UPI,TIMEOUT,4,0.72,0,0
37067.44,WALLET,NETWORK_ERROR,2,0.56,0,1
8050.9,UPI,NETWORK_ERROR,4,0.65,0,0
10291.71,UPI,NETWORK_ERROR,0,0.67,0,1
30620.2,NET_BANKING,BANK_ERROR,4,0.98,1,1
30297.68,NET_BANKING,UNKNOWN,3,0.94,1,1
65582.06,CARD,UNKNOWN,3,0.45,0,0
78704.48,WALLET,INVALID_DETAILS,3,0.53,0,0
77128.04,WALLET,BANK_ERROR,3,0.61,1,0
87438.15,NET_BANKING,INVALID_DETAILS,0,0.64,0,0
68733.4,WALLET,UNKNOWN,4,0.5,1,0
92253.35,CARD,NETWORK_ERROR,4,0.73,1,0
39393.15,WALLET,BANK_ERROR,3,0.34,0,1
57166.74,WALLET,INVALID_DETAILS,2,0.36,0,0
82734.25,WALLET,INSUFFICIENT_FUNDS,1,0.44,0,1
66127.2,UPI,TIMEOUT,0,0.55,0,0
41380.69,CARD,INSUFFICIENT_FUNDS,1,0.66,0,1
90406.96,CARD,BANK_ERROR,1,0.51,0,0
31376.22,CARD,LIMIT_EXCEEDED,3,0.49,0,0
82545.97,CARD,LIMIT_EXCEEDED,2,0.92,0,0
73860.43,NET_BANKING,INVALID_DETAILS,3,0.54,0,0
85059.47,WALLET,BANK_ERROR,1,0.91,0,0
18752.71,UPI,TIMEOUT,0,0.46,0,0
29543.01,UPI,INVALID_DETAILS,1,0.92,0,0
99533.98,UPI,UNKNOWN,0,0.64,0,1
21133.52,UPI,TIMEOUT,0,0.35,0,0
85649.43,WALLET,INSUFFICIENT_FUNDS,0,0.47,0,0
48733.54,UPI,INSUFFICIENT_FUNDS,4,0.75,0,0
84235.47,CARD,UNKNOWN,0,0.71,0,0
39389.53,UPI,INVALID_DETAILS,0,0.76,0,1
71584.02,CARD,TIMEOUT,0,0.87,1,0
89752.48,WALLET,INVALID_DETAILS,2,0.6,1,0
76827.87,CARD,NETWORK_ERROR,1,0.44,0,0
34043.11,CARD,INVALID_DETAILS,0,0.45,0,0
17204.35,CARD,INSUFFICIENT_FUNDS,3,0.65,0,0
62655.0,WALLET,TIMEOUT,0,0.46,0,1
40512.88,NET_BANKING,INSUFFICIENT_FUNDS,3,0.44,0,0
65169.53,NET_BANKING,INSUFFICIENT_FUNDS,0,0.9,0,0
98318.7,UPI,INVALID_DETAILS,4,0.84,1,0
60186.78,WALLET,INVALID_DETAILS,1,0.53,0,0
7217.59,UPI,LIMIT_EXCEEDED,4,0.61,1,0
58953.12,UPI,BANK_ERROR,0,0.72,0,0
75845.95,UPI,INSUFFICIENT_FUNDS,1,0.55,0,0
64382.87,CARD,INVALID_DETAILS,4,0.97,0,0
28173.58,UPI,LIMIT_EXCEEDED,3,0.74,0,1
73420.88,NET_BANKING,BANK_ERROR,1,0.67,0,0
22633.18,WALLET,LIMIT_EXCEEDED,2,0.42,0,0
95389.29,UPI,INVALID_DETAILS,1,0.94,0,0
83206.48,CARD,BANK_ERROR,4,0.35,0,0
24870.03,CARD,LIMIT_EXCEEDED,1,0.51,1,0
27550.15,WALLET,INSUFFICIENT_FUNDS,2,0.57,0,0
61134.72,WALLET,UNKNOWN,1,0.86,0,0
85477.2,NET_BANKING,LIMIT_EXCEEDED,4,0.4,0,0
45633.51,WALLET,LIMIT_EXCEEDED,4,0.63,0,0
15895.08,CARD,INSUFFICIENT_FUNDS,0,0.89,0,0
94058.36,NET_BANKING,TIMEOUT,3,0.51,1,0
99251.01,UPI,TIMEOUT,4,0.41,0,0
75281.95,NET_BANKING,LIMIT_EXCEEDED,3,0.73,0,0
92688.62,CARD,BANK_ERROR,3,0.32,0,0
69898.41,CARD,NETWORK_ERROR,4,0.61,0,0
95201.94,CARD,INSUFFICIENT_FUNDS,0,0.82,0,0
90149.07,CARD,TIMEOUT,1,0.86,0,1
53553.53,WALLET,LIMIT_EXCEEDED,2,0.8,0,0
79854.63,CARD,NETWORK_ERROR,1,0.93,0,1
17255.67,WALLET,INSUFFICIENT_FUNDS,0,0.35,0,0
73437.7,CARD,BANK_ERROR,2,0.43,0,1
94874.09,WALLET,LIMIT_EXCEEDED,1,0.43,0,0
19592.54,WALLET,TIMEOUT,4,0.37,0,1
12905.82,UPI,NETWORK_ERROR,0,0.7,0,0
1445.9,NET_BANKING,UNKNOWN,0,0.75,0,0
1222.56,NET_BANKING,TIMEOUT,3,0.81,1,0
89070.14,NET_BANKING,UNKNOWN,1,0.94,0,1
35924.91,NET_BANKING,UNKNOWN,0,0.3,0,0
14316.87,UPI,UNKNOWN,4,0.49,0,0
66058.17,WALLET,LIMIT_EXCEEDED,3,0.75,0,0
81355.6,UPI,INVALID_DETAILS,2,0.89,0,1
48711.35,UPI,NETWORK_ERROR,3,0.94,0,0
90567.67,WALLET,NETWORK_ERROR,4,0.43,0,0
78593.76,UPI,BANK_ERROR,3,0.84,0,0
98728.35,WALLET,BANK_ERROR,3,0.95,0,1
21558.26,UPI,INSUFFICIENT_FUNDS,3,0.98,0,0
90313.53,NET_BANKING,BANK_ERROR,2,0.75,0,0
63538.04,WALLET,INSUFFICIENT_FUNDS,2,0.89,1,0
64576.66,WALLET,INVALID_DETAILS,3,0.74,1,0
23720.06,NET_BANKING,INSUFFICIENT_FUNDS,2,0.36,0,0
19221.56,UPI,LIMIT_EXCEEDED,2,0.39,0,0
667.01,UPI,LIMIT_EXCEEDED,4,0.43,0,0
36819.87,CARD,LIMIT_EXCEEDED,4,0.7,0,0
46329.98,CARD,UNKNOWN,2,0.87,0,1
28697.59,UPI,LIMIT_EXCEEDED,2,0.51,0,0
57610.21,CARD,TIMEOUT,2,0.78,0,0
15693.87,CARD,UNKNOWN,1,0.78,0,0
85749.49,WALLET,NETWORK_ERROR,1,0.97,1,1
47605.45,NET_BANKING,UNKNOWN,3,0.57,1,0
92344.85,WALLET,INSUFFICIENT_FUNDS,1,0.52,1,1
93490.26,NET_BANKING,TIMEOUT,1,0.69,0,1
14909.88,CARD,UNKNOWN,1,0.8,0,0
10643.81,CARD,TIMEOUT,3,0.76,0,1
97428.8,CARD,INSUFFICIENT_FUNDS,0,0.97,0,0
62883.77,WALLET,BANK_ERROR,0,0.38,0,0
95478.26,WALLET,UNKNOWN,0,0.83,0,0
37048.64,UPI,INSUFFICIENT_FUNDS,0,0.38,1,0
98741.26,WALLET,NETWORK_ERROR,0,0.84,0,0
70422.33,NET_BANKING,LIMIT_EXCEEDED,1,0.37,0,0
53982.35,WALLET,UNKNOWN,0,0.57,1,0
6861.2,UPI,UNKNOWN,1,0.96,0,0
18403.79,WALLET,UNKNOWN,2,0.38,0,0
9238.18,NET_BANKING,UNKNOWN,0,0.36,0,1
54670.5,WALLET,INVALID_DETAILS,0,0.47,0,0
78388.78,WALLET,BANK_ERROR,4,0.63,0,0
35535.65,CARD,INVALID_DETAILS,0,0.75,0,1
30321.07,CARD,BANK_ERROR,4,0.68,1,1
62420.12,UPI,LIMIT_EXCEEDED,2,0.48,0,1
25790.85,WALLET,INVALID_DETAILS,1,0.66,0,1
63495.42,CARD,INVALID_DETAILS,2,0.68,1,0
15772.4,WALLET,TIMEOUT,0,0.96,0,1
11444.02,WALLET,INSUFFICIENT_FUNDS,2,0.74,0,0
15059.8,CARD,NETWORK_ERROR,0,0.37,0,1
92600.77,CARD,LIMIT_EXCEEDED,2,0.7,0,0
57429.73,NET_BANKING,LIMIT_EXCEEDED,2,0.71,0,0
39261.55,NET_BANKING,UNKNOWN,4,0.68,0,1
1445.0,CARD,INVALID_DETAILS,1,0.4,1,1
72679.22,NET_BANKING,INVALID_DETAILS,1,0.76,0,1
98631.5,WALLET,LIMIT_EXCEEDED,2,0.49,0,0
92419.29,CARD,NETWORK_ERROR,0,0.94,0,0
63650.33,UPI,INVALID_DETAILS,1,0.94,0,1
28942.16,WALLET,UNKNOWN,0,0.95,0,0
14074.62,WALLET,LIMIT_EXCEEDED,4,0.77,0,0
83224.04,UPI,INVALID_DETAILS,3,0.78,0,0
95111.4,UPI,LIMIT_EXCEEDED,3,0.96,1,0
37021.57,CARD,LIMIT_EXCEEDED,2,0.95,0,1
96987.98,NET_BANKING,INVALID_DETAILS,1,0.87,0,0
26842.7,UPI,INVALID_DETAILS,4,0.57,0,0
51795.14,UPI,TIMEOUT,4,0.88,0,0
33190.9,NET_BANKING,INSUFFICIENT_FUNDS,0,0.54,0,1
43364.98,CARD,INSUFFICIENT_FUNDS,4,0.65,0,0
1187.59,NET_BANKING,BANK_ERROR,3,0.57,0,0
53874.52,NET_BANKING,INSUFFICIENT_FUNDS,3,0.75,0,0
43679.04,NET_BANKING,UNKNOWN,1,0.38,0,0
74520.44,UPI,BANK_ERROR,1,0.94,0,1
49808.98,CARD,NETWORK_ERROR,3,0.64,0,0
79374.94,CARD,BANK_ERROR,2,0.64,0,0
43251.67,UPI,TIMEOUT,3,0.5,0,0
61952.51,CARD,BANK_ERROR,2,0.82,0,1
82150.64,CARD,TIMEOUT,0,0.78,1,1
85559.76,CARD,BANK_ERROR,0,0.39,0,1
15047.81,UPI,LIMIT_EXCEEDED,1,0.36,0,0
70165.81,CARD,BANK_ERROR,2,0.59,0,0
30776.85,NET_BANKING,NETWORK_ERROR,2,0.94,0,0
18584.29,UPI,INSUFFICIENT_FUNDS,2,0.44,0,0
43375.3,NET_BANKING,TIMEOUT,2,0.53,0,1
55400.94,CARD,NETWORK_ERROR,2,0.8,0,0
60669.02,CARD,INVALID_DETAILS,2,0.44,0,0
63141.08,UPI,INSUFFICIENT_FUNDS,4,0.96,0,0
10314.42,NET_BANKING,NETWORK_ERROR,3,0.97,0,1
13219.28,WALLET,LIMIT_EXCEEDED,2,0.91,1,0
45123.98,UPI,TIMEOUT,0,0.63,1,1
2676.55,NET_BANKING,INVALID_DETAILS,1,0.5,1,0
19424.0,WALLET,TIMEOUT,4,0.89,0,0
38722.97,WALLET,TIMEOUT,4,0.48,0,0
59415.22,UPI,UNKNOWN,4,0.61,1,0
29988.19,NET_BANKING,LIMIT_EXCEEDED,0,0.42,0,1
64141.73,NET_BANKING,BANK_ERROR,2,0.89,0,1
82429.32,UPI,INSUFFICIENT_FUNDS,2,0.73,0,0
88456.65,NET_BANKING,INVALID_DETAILS,1,0.58,1,0
62782.55,UPI,UNKNOWN,2,0.45,0,0
53970.18,UPI,INVALID_DETAILS,3,0.94,0,0
55312.34,WALLET,BANK_ERROR,2,0.48,1,0
39848.61,WALLET,BANK_ERROR,3,0.55,0,1
18910.29,CARD,BANK_ERROR,4,0.63,0,1
16710.41,CARD,UNKNOWN,3,0.77,0,1
24902.76,WALLET,INSUFFICIENT_FUNDS,4,0.39,0,0
2561.23,UPI,UNKNOWN,0,0.39,0,0
60163.9,UPI,UNKNOWN,0,0.67,0,1
14353.39,WALLET,UNKNOWN,1,0.51,0,1
69358.1,UPI,INSUFFICIENT_FUNDS,0,0.37,0,0
41820.82,UPI,BANK_ERROR,0,0.45,0,0
22975.5,WALLET,INVALID_DETAILS,0,0.63,0,0
28540.52,UPI,LIMIT_EXCEEDED,2,0.38,0,0
18217.74,NET_BANKING,LIMIT_EXCEEDED,1,0.76,0,0
62663.45,NET_BANKING,NETWORK_ERROR,0,0.48,0,0
81166.58,UPI,UNKNOWN,0,0.89,0,1
15204.13,WALLET,INVALID_DETAILS,3,0.85,0,0
28208.38,UPI,NETWORK_ERROR,1,0.42,0,0
48388.21,WALLET,LIMIT_EXCEEDED,2,0.39,0,0
54105.35,WALLET,LIMIT_EXCEEDED,4,0.86,0,0
52931.12,CARD,INVALID_DETAILS,0,0.46,0,0
36558.65,WALLET,BANK_ERROR,0,0.34,0,0
77975.36,CARD,NETWORK_ERROR,3,0.4,1,0
24628.49,CARD,INSUFFICIENT_FUNDS,1,0.38,0,1
96508.86,NET_BANKING,INSUFFICIENT_FUNDS,0,0.75,0,0
16238.23,CARD,NETWORK_ERROR,1,0.35,0,0
41941.24,CARD,TIMEOUT,1,0.81,0,0
44675.38,UPI,NETWORK_ERROR,0,0.41,0,1
16454.7,WALLET,UNKNOWN,3,0.76,0,0
91955.45,NET_BANKING,INVALID_DETAILS,1,0.59,0,1
38067.25,CARD,INVALID_DETAILS,1,0.57,0,1
74726.58,UPI,UNKNOWN,3,0.62,0,1
80432.26,WALLET,BANK_ERROR,2,0.37,0,0
33879.43,CARD,NETWORK_ERROR,1,0.67,0,1
91013.86,CARD,LIMIT_EXCEEDED,1,0.73,0,1
57227.22,UPI,LIMIT_EXCEEDED,3,0.33,0,0
98063.89,NET_BANKING,TIMEOUT,4,0.43,0,0
70414.35,UPI,NETWORK_ERROR,3,0.91,1,0
15443.57,WALLET,TIMEOUT,4,0.89,0,1
46579.07,UPI,INVALID_DETAILS,1,0.9,0,1
96384.9,NET_BANKING,TIMEOUT,1,0.53,0,0
4481.28,WALLET,BANK_ERROR,1,0.98,1,1
62965.07,WALLET,INSUFFICIENT_FUNDS,0,0.4,0,0
78253.83,UPI,TIMEOUT,0,0.61,0,1
28371.67,NET_BANKING,NETWORK_ERROR,0,0.35,0,0
25974.62,WALLET,INVALID_DETAILS,1,0.94,1,0
29019.19,WALLET,UNKNOWN,4,0.92,0,0
62650.88,NET_BANKING,NETWORK_ERROR,0,0.76,1,0
99129.19,UPI,LIMIT_EXCEEDED,0,0.8,0,0
15878.94,UPI,NETWORK_ERROR,3,0.41,0,1
87478.81,UPI,NETWORK_ERROR,3,0.62,1,0
9039.34,UPI,TIMEOUT,3,0.44,0,0
60634.76,CARD,INVALID_DETAILS,3,0.38,0,0
47261.77,CARD,NETWORK_ERROR,4,0.32,1,1
80949.09,WALLET,TIMEOUT,1,0.34,0,0
27349.89,CARD,INSUFFICIENT_FUNDS,1,0.35,0,0
45416.38,WALLET,LIMIT_EXCEEDED,1,0.76,0,1
89548.18,WALLET,NETWORK_ERROR,2,0.41,0,0
53782.88,CARD,INVALID_DETAILS,3,0.54,1,1
78415.7,CARD,INSUFFICIENT_FUNDS,4,0.72,0,0
73568.48,NET_BANKING,INSUFFICIENT_FUNDS,1,0.91,0,1
79305.67,WALLET,NETWORK_ERROR,4,0.79,0,0
63612.16,UPI,INSUFFICIENT_FUNDS,1,0.81,0,0
17027.05,WALLET,BANK_ERROR,2,0.44,0,0
1929.92,NET_BANKING,INSUFFICIENT_FUNDS,2,0.91,1,1
50163.5,WALLET,TIMEOUT,3,0.54,1,0
33914.75,CARD,TIMEOUT,3,0.55,1,0
38465.55,WALLET,INVALID_DETAILS,2,0.78,0,0
10829.3,UPI,LIMIT_EXCEEDED,3,0.37,1,0
44688.28,UPI,INVALID_DETAILS,2,0.88,0,0
38417.44,CARD,UNKNOWN,3,0.95,0,0
41587.01,WALLET,INSUFFICIENT_FUNDS,2,0.83,1,0
26817.66,WALLET,INVALID_DETAILS,1,0.3,0,1
79155.76,NET_BANKING,NETWORK_ERROR,1,0.95,0,0
19669.71,WALLET,UNKNOWN,0,0.84,1,0
39345.96,CARD,TIMEOUT,2,0.65,0,0
13069.86,UPI,INVALID_DETAILS,4,0.83,0,1
32579.26,UPI,INSUFFICIENT_FUNDS,0,0.6,1,0
54595.41,UPI,LIMIT_EXCEEDED,3,0.32,0,0
77870.18,CARD,BANK_ERROR,1,0.5,1,0
80806.19,WALLET,UNKNOWN,2,0.75,0,1
2802.51,UPI,INSUFFICIENT_FUNDS,3,0.93,0,1
89513.18,UPI,INSUFFICIENT_FUNDS,3,0.87,0,0
2684.72,UPI,TIMEOUT,0,0.44,0,1
90876.09,CARD,BANK_ERROR,2,0.31,0,0
85553.49,UPI,NETWORK_ERROR,2,0.63,1,1
52413.98,NET_BANKING,INSUFFICIENT_FUNDS,1,0.71,1,0
15658.43,NET_BANKING,INSUFFICIENT_FUNDS,1,0.32,0,0
94014.89,NET_BANKING,NETWORK_ERROR,3,0.44,0,0
29784.93,WALLET,TIMEOUT,4,0.94,0,1
84680.56,NET_BANKING,TIMEOUT,0,0.7,1,0
95399.33,WALLET,TIMEOUT,3,0.59,0,0
60925.92,WALLET,BANK_ERROR,4,0.54,0,0
95830.7,NET_BANKING,LIMIT_EXCEEDED,3,0.5,1,0
18400.47,NET_BANKING,TIMEOUT,1,0.54,0,1
14931.45,NET_BANKING,INSUFFICIENT_FUNDS,0,0.52,0,1
56963.19,NET_BANKING,BANK_ERROR,4,0.35,0,0
10740.56,NET_BANKING,INVALID_DETAILS,4,0.94,0,0
68372.13,WALLET,NETWORK_ERROR,2,0.43,0,0
99030.84,WALLET,INSUFFICIENT_FUNDS,0,0.61,1,0
57853.17,NET_BANKING,INSUFFICIENT_FUNDS,4,0.97,0,0
40579.67,UPI,NETWORK_ERROR,0,0.35,0,1
30449.33,NET_BANKING,UNKNOWN,2,0.57,1,0
5183.74,NET_BANKING,INVALID_DETAILS,3,0.64,0,0
10722.99,CARD,INSUFFICIENT_FUNDS,0,0.39,0,0
23020.95,UPI,BANK_ERROR,2,0.85,1,0
86867.48,NET_BANKING,UNKNOWN,0,0.38,0,0
61468.69,WALLET,NETWORK_ERROR,1,0.93,1,1
86258.54,WALLET,INVALID_DETAILS,3,0.75,1,0
66296.26,NET_BANKING,NETWORK_ERROR,3,0.45,0,0
35624.46,CARD,INVALID_DETAILS,1,0.77,0,1
1806.25,CARD,TIMEOUT,3,0.43,0,0
76279.45,NET_BANKING,UNKNOWN,2,0.78,0,1
13441.02,NET_BANKING,TIMEOUT,3,0.89,1,0
7329.61,WALLET,BANK_ERROR,2,0.95,1,1
87681.53,UPI,BANK_ERROR,0,0.91,0,1
53323.1,NET_BANKING,NETWORK_ERROR,0,0.93,0,1
39994.34,WALLET,LIMIT_EXCEEDED,2,0.34,0,1
38560.99,WALLET,BANK_ERROR,2,0.43,0,0
49614.81,WALLET,INSUFFICIENT_FUNDS,0,0.74,0,1
4050.95,NET_BANKING,BANK_ERROR,0,0.66,0,1
71724.42,WALLET,TIMEOUT,0,0.45,0,1
20755.76,NET_BANKING,INVALID_DETAILS,4,0.5,0,0
70196.89,WALLET,INVALID_DETAILS,2,0.88,0,0
17081.22,NET_BANKING,TIMEOUT,1,0.95,0,1
97449.9,UPI,BANK_ERROR,0,0.7,0,1
25127.29,UPI,INSUFFICIENT_FUNDS,0,0.69,0,1
17146.82,CARD,UNKNOWN,0,0.37,0,0
98984.42,NET_BANKING,INVALID_DETAILS,3,0.47,0,0
71160.64,WALLET,INSUFFICIENT_FUNDS,2,0.77,0,0
22415.43,CARD,NETWORK_ERROR,3,0.32,1,0
36262.28,UPI,BANK_ERROR,3,0.73,0,0
89972.53,WALLET,LIMIT_EXCEEDED,1,0.48,0,0
42020.78,NET_BANKING,NETWORK_ERROR,1,0.33,1,0
12734.65,WALLET,LIMIT_EXCEEDED,2,0.5,0,0
46898.59,CARD,LIMIT_EXCEEDED,2,0.72,0,1
80078.61,UPI,TIMEOUT,0,0.45,1,0
1006.48,NET_BANKING,INVALID_DETAILS,0,0.33,0,0
85971.55,CARD,INSUFFICIENT_FUNDS,2,0.4,0,0
29434.8,UPI,TIMEOUT,2,0.47,0,0
10264.8,NET_BANKING,NETWORK_ERROR,4,0.51,1,0
80535.83,CARD,INVALID_DETAILS,1,0.47,0,0
9016.99,WALLET,LIMIT_EXCEEDED,1,0.56,0,0
69566.27,NET_BANKING,TIMEOUT,2,0.59,0,0
91299.55,UPI,UNKNOWN,3,0.36,0,0
24643.24,NET_BANKING,BANK_ERROR,4,0.67,1,1
84588.18,CARD,TIMEOUT,0,0.61,1,1
5941.93,UPI,NETWORK_ERROR,4,0.37,0,0
86499.26,UPI,INVALID_DETAILS,4,0.76,0,0
56423.9,WALLET,BANK_ERROR,1,0.91,0,1
98921.28,UPI,UNKNOWN,3,0.72,0,1
60577.17,UPI,LIMIT_EXCEEDED,0,0.47,0,0
44659.68,UPI,INSUFFICIENT_FUNDS,2,0.58,0,0
54898.57,WALLET,UNKNOWN,4,0.38,0,0
81945.74,CARD,BANK_ERROR,4,0.8,1,0
29300.18,UPI,LIMIT_EXCEEDED,3,0.55,0,0
11179.92,WALLET,UNKNOWN,3,0.4,0,0
1596.45,NET_BANKING,INSUFFICIENT_FUNDS,4,0.6,0,0
72444.99,NET_BANKING,INSUFFICIENT_FUNDS,1,0.54,1,0
52743.04,UPI,BANK_ERROR,1,0.54,1,0
78776.34,NET_BANKING,UNKNOWN,2,0.93,0,0
37964.01,WALLET,LIMIT_EXCEEDED,1,0.69,1,0
13377.49,NET_BANKING,LIMIT_EXCEEDED,4,0.54,1,0
3437.42,CARD,BANK_ERROR,0,0.75,0,1
76110.97,CARD,INSUFFICIENT_FUNDS,1,0.8,0,1
6904.81,NET_BANKING,INSUFFICIENT_FUNDS,0,0.88,0,1
63313.76,UPI,BANK_ERROR,2,0.37,0,0
57591.08,CARD,BANK_ERROR,2,0.63,0,0
43689.27,CARD,INSUFFICIENT_FUNDS,4,0.32,0,0
89382.46,NET_BANKING,UNKNOWN,3,0.69,0,0
95795.49,WALLET,BANK_ERROR,1,0.69,0,1
90025.7,CARD,UNKNOWN,0,0.6,0,0
13155.64,NET_BANKING,INSUFFICIENT_FUNDS,0,0.64,0,1
22790.11,NET_BANKING,UNKNOWN,2,0.57,0,0
96827.42,UPI,LIMIT_EXCEEDED,4,0.46,1,0
40222.36,UPI,LIMIT_EXCEEDED,0,0.7,0,1
42429.87,CARD,NETWORK_ERROR,0,0.39,1,1
75855.8,UPI,BANK_ERROR,3,0.35,1,0
76674.64,UPI,NETWORK_ERROR,0,0.95,1,0
88808.1,WALLET,BANK_ERROR,2,0.79,0,0
65208.53,WALLET,TIMEOUT,2,0.83,0,1
77474.52,CARD,LIMIT_EXCEEDED,4,0.89,0,1
76685.31,CARD,TIMEOUT,3,0.67,0,0
98262.19,NET_BANKING,NETWORK_ERROR,1,0.53,0,1
1499.94,WALLET,INVALID_DETAILS,4,0.69,0,0
6159.92,UPI,BANK_ERROR,3,0.42,0,0
89097.26,NET_BANKING,BANK_ERROR,4,0.57,0,1
93867.83,CARD,TIMEOUT,2,0.91,0,1
37009.9,NET_BANKING,UNKNOWN,1,0.66,0,0
10885.63,NET_BANKING,TIMEOUT,4,0.63,0,1
97605.87,CARD,NETWORK_ERROR,4,0.44,0,0
4068.83,CARD,INVALID_DETAILS,3,0.74,0,1
83714.36,NET_BANKING,NETWORK_ERROR,4,0.56,0,0
38701.66,UPI,UNKNOWN,3,0.56,0,0
66162.61,UPI,INVALID_DETAILS,2,0.32,0,0
75570.57,NET_BANKING,UNKNOWN,2,0.85,1,1
72715.74,WALLET,UNKNOWN,3,0.83,0,0
95271.12,NET_BANKING,UNKNOWN,4,0.62,1,0
26380.02,WALLET,TIMEOUT,1,0.39,0,0
27802.09,CARD,UNKNOWN,4,0.5,1,0
36488.64,NET_BANKING,UNKNOWN,4,0.31,0,0
26819.5,CARD,TIMEOUT,3,0.31,0,0
48280.69,CARD,TIMEOUT,0,0.69,0,1
31745.64,UPI,TIMEOUT,1,0.48,0,0
23128.18,CARD,BANK_ERROR,4,0.75,0,1
68601.92,WALLET,LIMIT_EXCEEDED,2,0.33,0,0
26275.95,NET_BANKING,INSUFFICIENT_FUNDS,2,0.67,0,1
8209.17,WALLET,INSUFFICIENT_FUNDS,4,0.35,0,0
82357.95,WALLET,INSUFFICIENT_FUNDS,3,0.9,0,0
36348.55,WALLET,INVALID_DETAILS,2,0.62,0,1
4938.75,CARD,LIMIT_EXCEEDED,0,0.37,0,0
78196.94,NET_BANKING,BANK_ERROR,3,0.86,0,1
76379.88,UPI,INSUFFICIENT_FUNDS,1,0.68,1,0
54127.25,UPI,UNKNOWN,4,0.84,1,0
44381.23,NET_BANKING,BANK_ERROR,4,0.5,0,0
97758.74,CARD,TIMEOUT,2,0.81,0,1
95782.05,WALLET,NETWORK_ERROR,0,0.54,1,0
48673.37,CARD,TIMEOUT,3,0.46,0,1
90971.94,CARD,LIMIT_EXCEEDED,2,0.84,0,1
42391.75,CARD,LIMIT_EXCEEDED,3,0.73,0,0
2043.47,UPI,TIMEOUT,2,0.82,0,1
3890.53,WALLET,INSUFFICIENT_FUNDS,1,0.97,0,1
39117.36,WALLET,NETWORK_ERROR,1,0.57,1,1
34012.43,NET_BANKING,LIMIT_EXCEEDED,4,0.72,0,0
95016.95,WALLET,INVALID_DETAILS,3,0.8,0,0
13893.25,CARD,INVALID_DETAILS,4,0.92,1,0
59558.55,NET_BANKING,INVALID_DETAILS,3,0.56,0,0
28290.31,UPI,BANK_ERROR,2,0.64,0,0
58192.91,WALLET,NETWORK_ERROR,2,0.56,0,1
94532.74,CARD,TIMEOUT,4,0.49,1,0
16976.46,NET_BANKING,NETWORK_ERROR,3,0.6,0,0
98886.15,UPI,BANK_ERROR,2,0.4,0,0
17300.82,UPI,LIMIT_EXCEEDED,4,0.84,0,0
37269.29,NET_BANKING,LIMIT_EXCEEDED,3,0.8,1,0
91840.52,UPI,TIMEOUT,3,0.64,0,0
73297.56,UPI,NETWORK_ERROR,0,0.81,0,1
50952.49,NET_BANKING,TIMEOUT,4,0.76,0,0
92510.63,WALLET,INSUFFICIENT_FUNDS,4,0.52,1,0
4045.8,UPI,BANK_ERROR,1,0.7,0,1
15567.59,CARD,INVALID_DETAILS,3,0.49,0,0
51872.47,CARD,INSUFFICIENT_FUNDS,3,0.35,1,0
4361.87,NET_BANKING,LIMIT_EXCEEDED,3,0.73,0,0
65865.63,CARD,NETWORK_ERROR,1,0.9,0,0
59985.29,WALLET,NETWORK_ERROR,0,0.45,0,1
25115.93,WALLET,INSUFFICIENT_FUNDS,1,0.62,0,1
40109.89,CARD,UNKNOWN,3,0.87,0,0
3381.77,NET_BANKING,LIMIT_EXCEEDED,1,0.91,0,0
26529.72,NET_BANKING,TIMEOUT,3,0.85,0,0
27197.56,CARD,NETWORK_ERROR,0,0.51,0,0
53833.3,UPI,LIMIT_EXCEEDED,4,0.52,1,0
2601.21,WALLET,INSUFFICIENT_FUNDS,2,0.92,1,1
21441.11,CARD,BANK_ERROR,4,0.57,0,1
37701.05,WALLET,BANK_ERROR,4,0.8,0,1
94065.34,UPI,LIMIT_EXCEEDED,3,0.84,0,0
23385.52,CARD,INSUFFICIENT_FUNDS,2,0.81,0,1
74182.31,NET_BANKING,UNKNOWN,0,0.35,1,0
41830.31,UPI,INVALID_DETAILS,4,0.71,0,0
39416.83,NET_BANKING,UNKNOWN,2,0.59,0,0
10418.08,WALLET,TIMEOUT,2,0.59,0,0
48593.28,CARD,TIMEOUT,0,0.98,0,1
71600.58,WALLET,BANK_ERROR,4,0.96,0,1
47942.23,UPI,INVALID_DETAILS,2,0.53,0,0
86550.36,WALLET,LIMIT_EXCEEDED,1,0.36,0,0
72441.73,CARD,INSUFFICIENT_FUNDS,3,0.47,0,0
4132.72,WALLET,UNKNOWN,0,0.48,0,0
54786.08,NET_BANKING,INVALID_DETAILS,1,0.52,0,0
99279.16,UPI,INSUFFICIENT_FUNDS,3,0.78,0,1
52233.93,UPI,BANK_ERROR,1,0.6,0,0
17486.85,WALLET,BANK_ERROR,4,0.58,0,0
29775.25,NET_BANKING,LIMIT_EXCEEDED,2,0.72,0,1
29374.58,CARD,UNKNOWN,4,0.95,0,1
46556.58,NET_BANKING,INVALID_DETAILS,1,0.41,0,0
15459.73,UPI,INSUFFICIENT_FUNDS,2,0.78,0,0
33438.0,UPI,LIMIT_EXCEEDED,3,0.7,0,0
22989.94,UPI,BANK_ERROR,2,0.49,0,1
62637.84,WALLET,NETWORK_ERROR,4,0.67,0,1
73200.48,NET_BANKING,BANK_ERROR,2,0.68,0,0
76722.41,NET_BANKING,LIMIT_EXCEEDED,4,0.71,1,0
17225.89,CARD,BANK_ERROR,0,0.93,1,1
87524.1,NET_BANKING,INSUFFICIENT_FUNDS,0,0.39,0,0
30604.55,UPI,BANK_ERROR,4,0.57,0,1
83945.62,NET_BANKING,LIMIT_EXCEEDED,0,0.9,0,0
83443.69,CARD,UNKNOWN,3,0.68,0,0
12463.86,WALLET,INVALID_DETAILS,2,0.42,0,0
34926.16,WALLET,BANK_ERROR,4,0.68,0,1
74889.04,UPI,BANK_ERROR,3,0.55,0,0
9863.79,NET_BANKING,NETWORK_ERROR,4,0.93,1,0
64346.57,WALLET,INSUFFICIENT_FUNDS,2,0.49,0,0
86386.94,WALLET,LIMIT_EXCEEDED,3,0.63,0,0
54785.94,UPI,INSUFFICIENT_FUNDS,2,0.32,0,1
85168.84,UPI,TIMEOUT,0,0.34,0,0
28109.08,CARD,INVALID_DETAILS,4,0.8,0,0
31989.79,CARD,LIMIT_EXCEEDED,2,0.65,0,0
6617.6,CARD,UNKNOWN,4,0.4,0,0
27914.78,CARD,INVALID_DETAILS,4,0.58,0,0
12212.6,WALLET,LIMIT_EXCEEDED,0,0.69,0,0
18658.85,UPI,BANK_ERROR,2,0.7,0,0
22143.82,NET_BANKING,TIMEOUT,0,0.9,0,1
94294.41,CARD,INVALID_DETAILS,1,0.51,0,1
14472.39,NET_BANKING,TIMEOUT,1,0.87,0,1
29845.77,WALLET,NETWORK_ERROR,0,0.63,1,0
52542.75,CARD,INSUFFICIENT_FUNDS,4,0.56,1,0
43668.41,NET_BANKING,BANK_ERROR,2,0.78,1,0
27260.54,CARD,NETWORK_ERROR,1,0.62,0,1
63295.81,WALLET,BANK_ERROR,3,0.7,0,0
90176.85,NET_BANKING,INVALID_DETAILS,0,0.73,0,0
33998.85,UPI,BANK_ERROR,2,0.51,0,0
44181.37,WALLET,LIMIT_EXCEEDED,4,0.77,0,0
72475.56,NET_BANKING,TIMEOUT,3,0.5,0,0
50942.6,WALLET,TIMEOUT,2,0.95,0,1
17055.28,NET_BANKING,LIMIT_EXCEEDED,4,0.43,1,0
33648.14,UPI,INSUFFICIENT_FUNDS,2,0.84,0,1
16951.54,UPI,INVALID_DETAILS,1,0.44,0,1
24000.27,CARD,TIMEOUT,0,0.79,0,0
37738.65,WALLET,BANK_ERROR,2,0.37,1,0
91326.89,WALLET,UNKNOWN,3,0.78,0,0
93558.61,WALLET,UNKNOWN,2,0.91,0,0
35013.28,UPI,BANK_ERROR,4,0.42,0,0
82412.2,WALLET,INSUFFICIENT_FUNDS,1,0.39,0,0
9738.61,WALLET,INVALID_DETAILS,1,0.59,0,0
48324.88,NET_BANKING,TIMEOUT,1,0.41,1,0
8722.73,UPI,INVALID_DETAILS,3,0.85,0,1
50943.56,WALLET,INSUFFICIENT_FUNDS,3,0.74,0,1
42785.63,UPI,LIMIT_EXCEEDED,3,0.64,0,0
97191.14,UPI,UNKNOWN,1,0.97,1,0
8460.91,UPI,NETWORK_ERROR,4,0.48,1,0
45771.44,UPI,TIMEOUT,2,0.33,0,1
60133.16,NET_BANKING,NETWORK_ERROR,3,0.53,0,1
27089.93,NET_BANKING,NETWORK_ERROR,3,0.31,0,1
11612.49,UPI,LIMIT_EXCEEDED,3,0.47,0,0
14892.11,WALLET,TIMEOUT,2,0.53,0,1
82644.36,WALLET,INSUFFICIENT_FUNDS,0,0.52,0,0
63962.54,UPI,TIMEOUT,4,0.97,0,0
30547.6,WALLET,INSUFFICIENT_FUNDS,1,0.95,0,0
8388.69,WALLET,INSUFFICIENT_FUNDS,1,0.69,0,0
79475.48,UPI,NETWORK_ERROR,4,0.62,0,0
18978.49,UPI,LIMIT_EXCEEDED,3,0.92,0,0
2362.54,WALLET,INVALID_DETAILS,1,0.49,0,0
32156.86,CARD,BANK_ERROR,0,0.78,0,1
71347.34,WALLET,LIMIT_EXCEEDED,3,0.73,0,0
55986.88,NET_BANKING,NETWORK_ERROR,2,0.54,0,0
50147.98,CARD,INVALID_DETAILS,3,0.47,0,0
8321.55,WALLET,LIMIT_EXCEEDED,2,0.36,1,0
31876.14,WALLET,INSUFFICIENT_FUNDS,1,0.72,0,0
41831.6,UPI,UNKNOWN,2,0.68,0,1
53990.47,WALLET,LIMIT_EXCEEDED,0,0.37,0,1
29290.22,CARD,UNKNOWN,3,0.67,0,0
60125.23,NET_BANKING,UNKNOWN,2,0.73,0,0
22897.37,WALLET,TIMEOUT,3,0.49,0,0
40305.41,UPI,LIMIT_EXCEEDED,2,0.82,0,1
58225.7,WALLET,TIMEOUT,3,0.43,0,1
62182.07,UPI,LIMIT_EXCEEDED,4,0.8,0,0
57145.96,WALLET,INVALID_DETAILS,0,0.95,0,0
65584.55,CARD,UNKNOWN,1,0.61,0,0
92177.88,NET_BANKING,BANK_ERROR,2,0.34,0,0
24882.17,WALLET,BANK_ERROR,1,0.96,1,0
83868.61,CARD,BANK_ERROR,3,0.79,0,1
67848.8,WALLET,UNKNOWN,3,0.35,0,0
53965.47,UPI,TIMEOUT,3,0.86,0,0
82320.42,UPI,NETWORK_ERROR,3,0.79,1,0
78848.64,UPI,BANK_ERROR,2,0.82,1,1
17310.87,WALLET,INVALID_DETAILS,2,0.4,0,0
10164.01,UPI,TIMEOUT,3,0.81,0,0
33400.79,WALLET,INVALID_DETAILS,2,0.69,1,0
52417.04,UPI,BANK_ERROR,2,0.68,0,0
56980.17,NET_BANKING,TIMEOUT,3,0.76,0,0
15079.35,NET_BANKING,UNKNOWN,3,0.47,0,0
30644.18,UPI,NETWORK_ERROR,2,0.79,1,0
17455.81,NET_BANKING,INVALID_DETAILS,1,0.7,1,0
86608.16,WALLET,INVALID_DETAILS,1,0.89,0,0
1916.14,UPI,NETWORK_ERROR,1,0.51,0,0
73011.8,UPI,INVALID_DETAILS,1,0.54,0,0
1713.98,CARD,INVALID_DETAILS,1,0.55,0,1
33286.75,UPI,NETWORK_ERROR,4,0.95,1,0
6069.49,CARD,BANK_ERROR,2,0.84,0,0
24886.16,WALLET,BANK_ERROR,0,0.97,0,1
19406.41,UPI,BANK_ERROR,4,0.51,0,0
58336.41,WALLET,INSUFFICIENT_FUNDS,4,0.9,0,0
20044.37,UPI,TIMEOUT,0,0.62,0,1
48979.45,UPI,LIMIT_EXCEEDED,3,0.89,0,0
64441.42,WALLET,INSUFFICIENT_FUNDS,2,0.81,1,0
33199.62,WALLET,LIMIT_EXCEEDED,2,0.95,0,0
34443.66,NET_BANKING,INVALID_DETAILS,3,0.38,0,0
97448.26,WALLET,TIMEOUT,1,0.42,0,1
86271.97,NET_BANKING,INVALID_DETAILS,4,0.86,0,0
21715.04,NET_BANKING,NETWORK_ERROR,4,0.62,0,1
67352.78,NET_BANKING,BANK_ERROR,1,0.82,0,0
16134.7,WALLET,INVALID_DETAILS,4,0.84,0,0
93465.83,NET_BANKING,NETWORK_ERROR,1,0.51,0,1
31147.68,WALLET,UNKNOWN,3,0.3,0,0
64756.38,CARD,TIMEOUT,2,0.31,0,0
29832.29,NET_BANKING,INSUFFICIENT_FUNDS,2,0.59,0,0
20345.49,CARD,LIMIT_EXCEEDED,4,0.6,0,0
32885.56,WALLET,INVALID_DETAILS,4,0.62,0,0
95993.3,WALLET,BANK_ERROR,2,0.97,1,1
64143.05,NET_BANKING,LIMIT_EXCEEDED,2,0.6,0,0
75107.71,NET_BANKING,UNKNOWN,3,0.86,0,0
56402.72,WALLET,BANK_ERROR,2,0.69,0,0
69112.23,CARD,UNKNOWN,0,0.89,0,1
77383.95,CARD,BANK_ERROR,2,0.62,0,1
97158.15,NET_BANKING,NETWORK_ERROR,4,0.81,0,0
43019.43,WALLET,UNKNOWN,0,0.87,0,1
2112.03,WALLET,INSUFFICIENT_FUNDS,4,0.89,0,0
57694.14,UPI,INVALID_DETAILS,0,0.68,1,0
79959.8,UPI,LIMIT_EXCEEDED,3,0.71,0,0
43379.2,NET_BANKING,TIMEOUT,3,0.9,0,1
64960.07,NET_BANKING,TIMEOUT,4,0.83,0,0
29734.47,WALLET,INSUFFICIENT_FUNDS,0,0.45,0,0
58645.46,NET_BANKING,LIMIT_EXCEEDED,3,0.74,0,0
35787.21,CARD,BANK_ERROR,1,0.44,0,0
94477.23,UPI,UNKNOWN,1,0.67,0,1
23395.33,CARD,BANK_ERROR,2,0.41,0,0
77348.36,UPI,BANK_ERROR,3,0.38,0,0
85491.72,CARD,TIMEOUT,0,0.6,0,0
59226.61,UPI,INSUFFICIENT_FUNDS,1,0.64,1,1
75782.33,UPI,TIMEOUT,4,0.54,0,0
9533.7,NET_BANKING,TIMEOUT,2,0.65,0,0
42291.39,UPI,NETWORK_ERROR,2,0.94,0,0
30419.1,UPI,INVALID_DETAILS,3,0.9,0,1
64912.28,NET_BANKING,INSUFFICIENT_FUNDS,1,0.88,0,1
15997.95,WALLET,UNKNOWN,0,0.34,0,0
37484.55,WALLET,UNKNOWN,1,0.59,0,0
74325.68,CARD,NETWORK_ERROR,0,0.83,0,1
62718.59,NET_BANKING,LIMIT_EXCEEDED,2,0.32,0,0
3905.17,CARD,TIMEOUT,0,0.67,1,1
10461.47,NET_BANKING,BANK_ERROR,0,0.59,0,1
98345.19,WALLET,BANK_ERROR,4,0.85,0,0
90336.85,CARD,NETWORK_ERROR,4,0.55,1,0
49533.77,CARD,BANK_ERROR,1,0.65,0,1
9931.52,WALLET,NETWORK_ERROR,4,0.37,0,0
30460.26,WALLET,INVALID_DETAILS,4,0.65,1,0
90003.45,NET_BANKING,TIMEOUT,2,0.75,1,0
74919.63,WALLET,INVALID_DETAILS,0,0.84,0,0
83620.22,CARD,BANK_ERROR,3,0.52,1,0
19180.95,WALLET,TIMEOUT,1,0.61,0,1
28290.87,NET_BANKING,NETWORK_ERROR,1,0.47,0,1
10102.09,NET_BANKING,UNKNOWN,4,0.48,0,1
54560.22,UPI,BANK_ERROR,3,0.86,0,1
87394.02,NET_BANKING,TIMEOUT,3,0.68,0,0
18669.93,CARD,BANK_ERROR,1,0.83,0,1
60293.16,CARD,LIMIT_EXCEEDED,4,0.66,1,0
94742.77,CARD,NETWORK_ERROR,1,0.37,0,0
23012.62,CARD,LIMIT_EXCEEDED,4,0.59,0,0
94915.46,NET_BANKING,TIMEOUT,4,0.96,0,1
93845.26,UPI,INSUFFICIENT_FUNDS,2,0.78,0,0
59601.5,UPI,INSUFFICIENT_FUNDS,3,0.4,0,0
80795.33,CARD,TIMEOUT,1,0.74,0,1
35365.53,CARD,NETWORK_ERROR,1,0.91,0,1
67395.57,CARD,TIMEOUT,1,0.76,0,1
31460.48,UPI,UNKNOWN,4,0.62,0,1
74419.72,WALLET,BANK_ERROR,0,0.9,0,0
4576.68,NET_BANKING,INSUFFICIENT_FUNDS,3,0.59,0,0
79548.33,NET_BANKING,BANK_ERROR,4,0.37,1,0
24508.61,WALLET,UNKNOWN,3,0.59,0,0
72543.21,NET_BANKING,NETWORK_ERROR,4,0.52,0,1
10562.53,WALLET,BANK_ERROR,4,0.64,1,0
99731.6,WALLET,LIMIT_EXCEEDED,4,0.87,0,0
66921.92,UPI,LIMIT_EXCEEDED,0,0.7,0,1
76521.05,NET_BANKING,LIMIT_EXCEEDED,4,0.59,0,1
64885.3,WALLET,UNKNOWN,3,0.69,1,0
80619.45,WALLET,INVALID_DETAILS,0,0.45,0,0
10331.02,WALLET,UNKNOWN,0,0.8,0,0
35561.66,CARD,NETWORK_ERROR,3,0.83,0,0
26685.78,CARD,BANK_ERROR,4,0.82,1,0
75455.26,CARD,UNKNOWN,3,0.88,0,0
80612.99,CARD,NETWORK_ERROR,2,0.37,0,0
49970.67,CARD,UNKNOWN,3,0.44,0,0
89630.13,CARD,BANK_ERROR,2,0.31,0,0
70172.72,NET_BANKING,UNKNOWN,4,0.67,0,1
9789.69,WALLET,UNKNOWN,2,0.4,0,0
92165.2,UPI,UNKNOWN,2,0.72,0,1
82700.34,CARD,LIMIT_EXCEEDED,1,0.75,0,1
69660.37,CARD,BANK_ERROR,1,0.6,0,1
96476.75,WALLET,UNKNOWN,3,0.58,1,0
19012.78,WALLET,INVALID_DETAILS,4,0.9,0,0
98200.66,NET_BANKING,TIMEOUT,2,0.55,0,0
95830.06,CARD,NETWORK_ERROR,1,0.84,1,0
78529.75,WALLET,LIMIT_EXCEEDED,2,0.37,1,0
70363.38,CARD,TIMEOUT,2,0.69,0,0
59310.76,UPI,BANK_ERROR,0,0.68,1,0
47924.33,CARD,INSUFFICIENT_FUNDS,2,0.34,0,0
72912.17,WALLET,TIMEOUT,1,0.97,0,1
69871.99,NET_BANKING,NETWORK_ERROR,1,0.69,1,1
54191.46,NET_BANKING,UNKNOWN,0,0.96,0,1
12408.5,UPI,LIMIT_EXCEEDED,0,0.66,0,1
60351.78,CARD,UNKNOWN,1,0.32,0,0
9869.06,WALLET,LIMIT_EXCEEDED,3,0.85,0,1
34657.89,UPI,NETWORK_ERROR,2,0.42,0,0
18864.35,WALLET,BANK_ERROR,1,0.54,0,0
52624.79,UPI,LIMIT_EXCEEDED,0,0.97,0,1
672.03,UPI,INSUFFICIENT_FUNDS,2,0.56,0,0
37796.18,UPI,BANK_ERROR,1,0.73,0,1
34852.17,CARD,LIMIT_EXCEEDED,2,0.69,0,0
18160.46,CARD,UNKNOWN,3,0.32,0,0
79467.92,UPI,UNKNOWN,2,0.94,0,1
52089.64,UPI,TIMEOUT,1,0.71,1,0
92896.34,WALLET,UNKNOWN,3,0.94,1,0
14567.45,WALLET,BANK_ERROR,3,0.33,0,0
81185.28,UPI,UNKNOWN,4,0.36,0,0
70369.49,WALLET,UNKNOWN,4,0.74,0,0
20205.13,WALLET,TIMEOUT,3,0.56,0,1
56344.67,WALLET,NETWORK_ERROR,3,0.97,0,0
52991.24,UPI,BANK_ERROR,0,0.51,1,0
17749.2,NET_BANKING,INVALID_DETAILS,0,0.66,0,1
35500.68,UPI,UNKNOWN,3,0.8,1,0
68272.77,UPI,BANK_ERROR,0,0.61,0,0
7759.87,CARD,TIMEOUT,1,0.69,1,0
20999.97,UPI,NETWORK_ERROR,0,0.91,0,0
82743.94,NET_BANKING,UNKNOWN,3,0.33,0,0
26189.44,WALLET,INVALID_DETAILS,4,0.78,0,0
73795.04,NET_BANKING,TIMEOUT,0,0.58,0,0
19354.9,WALLET,NETWORK_ERROR,4,0.31,0,0
13324.38,CARD,INSUFFICIENT_FUNDS,0,0.38,0,0
17152.99,NET_BANKING,INVALID_DETAILS,3,0.49,0,0
11294.96,UPI,TIMEOUT,1,0.95,1,1
52063.44,UPI,TIMEOUT,3,0.37,0,0
8819.0,UPI,BANK_ERROR,3,0.72,0,1
77028.09,CARD,UNKNOWN,1,0.79,0,0
34464.08,NET_BANKING,BANK_ERROR,2,0.61,0,1
29534.66,UPI,BANK_ERROR,1,0.73,0,1
87198.06,UPI,UNKNOWN,1,0.71,0,1
96435.57,UPI,INSUFFICIENT_FUNDS,0,0.58,1,0
72545.9,NET_BANKING,NETWORK_ERROR,0,0.4,0,1
840.38,UPI,UNKNOWN,3,0.82,0,0
4001.92,UPI,INSUFFICIENT_FUNDS,3,0.94,0,0
45242.29,CARD,INVALID_DETAILS,3,0.72,0,0
48173.34,CARD,TIMEOUT,4,0.9,0,0
17848.14,WALLET,NETWORK_ERROR,1,0.55,0,1
4734.21,WALLET,INVALID_DETAILS,4,0.88,0,0
21206.04,WALLET,TIMEOUT,3,0.61,0,0
36674.25,NET_BANKING,INVALID_DETAILS,3,0.39,1,0
19501.03,CARD,UNKNOWN,4,0.55,0,0
41116.7,NET_BANKING,BANK_ERROR,3,0.4,0,0
90515.27,WALLET,INSUFFICIENT_FUNDS,1,0.45,1,0
93743.64,WALLET,BANK_ERROR,3,0.32,0,0
27695.34,CARD,INVALID_DETAILS,3,0.69,0,0
24947.0,CARD,UNKNOWN,3,0.52,1,0
4012.51,UPI,UNKNOWN,0,0.36,0,0
33485.11,UPI,NETWORK_ERROR,2,0.44,0,1
7069.3,NET_BANKING,LIMIT_EXCEEDED,3,0.62,0,0
56407.81,CARD,BANK_ERROR,3,0.38,1,0
63053.91,NET_BANKING,INVALID_DETAILS,1,0.96,0,1
4418.15,WALLET,TIMEOUT,3,0.62,0,0
36557.23,WALLET,LIMIT_EXCEEDED,4,0.42,0,0
56894.91,NET_BANKING,INSUFFICIENT_FUNDS,2,0.35,0,0
91718.02,UPI,UNKNOWN,1,0.95,0,0
78764.44,NET_BANKING,LIMIT_EXCEEDED,3,0.31,1,0
85199.66,CARD,LIMIT_EXCEEDED,2,0.97,0,0
5675.1,CARD,INVALID_DETAILS,2,0.48,0,0
99512.12,WALLET,INVALID_DETAILS,0,0.53,0,0
62604.88,UPI,NETWORK_ERROR,3,0.44,0,1
67354.44,WALLET,NETWORK_ERROR,2,0.85,0,1
94319.17,NET_BANKING,LIMIT_EXCEEDED,1,0.63,0,0
67344.89,NET_BANKING,UNKNOWN,4,0.91,0,0
11151.44,UPI,BANK_ERROR,2,0.34,1,0
86437.19,UPI,INVALID_DETAILS,0,0.8,0,0
16046.26,WALLET,INVALID_DETAILS,2,0.83,0,1
14302.14,UPI,BANK_ERROR,0,0.79,0,0
23691.04,UPI,INVALID_DETAILS,0,0.56,1,0
70969.64,WALLET,LIMIT_EXCEEDED,1,0.62,1,1
18900.32,UPI,INSUFFICIENT_FUNDS,1,0.96,0,1
97286.01,UPI,INVALID_DETAILS,0,0.43,0,1
39769.46,NET_BANKING,LIMIT_EXCEEDED,3,0.64,0,0
34803.52,CARD,LIMIT_EXCEEDED,0,0.75,0,1
6631.15,WALLET,NETWORK_ERROR,0,0.72,0,0
71752.92,UPI,INVALID_DETAILS,0,0.52,0,0
95949.96,NET_BANKING,INVALID_DETAILS,2,0.61,0,0
49164.2,CARD,BANK_ERROR,4,0.42,0,0
32774.59,WALLET,TIMEOUT,3,0.61,0,0
94988.59,CARD,UNKNOWN,2,0.56,0,1
79241.82,CARD,BANK_ERROR,4,0.94,0,0
15415.03,NET_BANKING,BANK_ERROR,0,0.64,0,0
55158.2,CARD,BANK_ERROR,3,0.71,0,0
16402.15,UPI,NETWORK_ERROR,0,0.35,0,0
14577.04,WALLET,UNKNOWN,1,0.58,0,0
34188.76,NET_BANKING,INVALID_DETAILS,4,0.59,0,0
34439.18,NET_BANKING,UNKNOWN,1,0.55,0,0
41991.56,CARD,NETWORK_ERROR,1,0.92,0,0
47880.67,NET_BANKING,LIMIT_EXCEEDED,2,0.69,0,0
96564.65,CARD,INVALID_DETAILS,4,0.71,0,0
2430.03,UPI,TIMEOUT,1,0.72,0,1
90092.84,NET_BANKING,INSUFFICIENT_FUNDS,3,0.56,0,0
14736.79,UPI,TIMEOUT,1,0.45,0,0
48514.04,CARD,UNKNOWN,2,0.95,0,0
53862.86,CARD,LIMIT_EXCEEDED,4,0.38,0,0
79985.43,NET_BANKING,BANK_ERROR,3,0.59,0,0
29962.29,UPI,INVALID_DETAILS,3,0.35,0,0
44945.17,WALLET,LIMIT_EXCEEDED,1,0.7,0,1
27956.97,WALLET,NETWORK_ERROR,1,0.7,0,1
86839.9,WALLET,NETWORK_ERROR,1,0.51,0,0
64809.67,WALLET,BANK_ERROR,2,0.72,0,1
75770.89,UPI,LIMIT_EXCEEDED,0,0.79,0,0
14421.19,UPI,LIMIT_EXCEEDED,1,0.94,0,1
36029.56,UPI,TIMEOUT,2,0.81,0,1
41927.12,WALLET,INVALID_DETAILS,1,0.67,0,0
11967.29,NET_BANKING,BANK_ERROR,1,0.34,1,0
69880.13,WALLET,INSUFFICIENT_FUNDS,0,0.45,0,0
14198.47,NET_BANKING,NETWORK_ERROR,3,0.81,0,0
49476.61,WALLET,LIMIT_EXCEEDED,0,0.33,1,0
49400.77,NET_BANKING,INVALID_DETAILS,0,0.7,0,0
40019.56,CARD,LIMIT_EXCEEDED,0,0.92,1,0
51332.52,CARD,UNKNOWN,1,0.81,0,1
26404.01,UPI,INVALID_DETAILS,2,0.61,0,0
51424.61,WALLET,BANK_ERROR,1,0.38,0,0
87486.31,CARD,UNKNOWN,4,0.8,0,0
88721.89,NET_BANKING,NETWORK_ERROR,3,0.34,0,0
25607.09,UPI,NETWORK_ERROR,0,0.45,0,1
94706.11,WALLET,INVALID_DETAILS,2,0.61,0,0
49422.38,NET_BANKING,UNKNOWN,1,0.35,0,0
62118.04,UPI,NETWORK_ERROR,0,0.51,0,0
10174.65,NET_BANKING,BANK_ERROR,1,0.96,0,1
2728.26,UPI,INSUFFICIENT_FUNDS,2,0.4,0,0
80155.39,CARD,INSUFFICIENT_FUNDS,0,0.9,0,1
72618.5,WALLET,UNKNOWN,4,0.77,0,0
48232.64,CARD,BANK_ERROR,0,0.57,0,1
83129.9,WALLET,BANK_ERROR,0,0.69,0,0
87699.39,NET_BANKING,INVALID_DETAILS,3,0.44,0,0
87263.16,CARD,INVALID_DETAILS,3,0.85,0,0
43816.78,WALLET,UNKNOWN,1,0.79,0,1
37046.07,WALLET,LIMIT_EXCEEDED,1,0.55,0,0
32410.77,NET_BANKING,TIMEOUT,1,0.69,0,1
29598.73,WALLET,INVALID_DETAILS,4,0.58,0,0
14195.33,NET_BANKING,INVALID_DETAILS,3,0.61,1,0
4754.2,CARD,LIMIT_EXCEEDED,2,0.67,0,0
97734.58,CARD,UNKNOWN,3,0.36,0,0
54627.68,UPI,LIMIT_EXCEEDED,0,0.47,1,1
23064.84,NET_BANKING,TIMEOUT,0,0.52,0,1
65860.74,WALLET,BANK_ERROR,4,0.54,0,0
22968.57,WALLET,BANK_ERROR,1,0.79,1,1
91626.45,NET_BANKING,BANK_ERROR,3,0.51,0,1
81542.19,UPI,INSUFFICIENT_FUNDS,0,0.5,0,0
7597.95,NET_BANKING,TIMEOUT,0,0.59,0,1
59957.31,NET_BANKING,TIMEOUT,2,0.44,0,0
63704.35,UPI,INVALID_DETAILS,3,0.96,0,1
70212.83,WALLET,UNKNOWN,4,0.82,0,0
35429.96,WALLET,INSUFFICIENT_FUNDS,3,0.33,0,1
25589.56,UPI,INSUFFICIENT_FUNDS,1,0.79,0,0
24517.17,WALLET,INSUFFICIENT_FUNDS,2,0.51,0,0
1524.25,CARD,LIMIT_EXCEEDED,0,0.94,0,1
27836.74,WALLET,UNKNOWN,4,0.74,0,1
51915.26,CARD,TIMEOUT,2,0.88,0,1
11412.62,CARD,UNKNOWN,0,0.44,0,0
74580.81,CARD,UNKNOWN,3,0.33,0,0
58565.2,WALLET,BANK_ERROR,3,0.85,0,1
74165.46,UPI,TIMEOUT,3,0.55,0,0
69534.3,UPI,TIMEOUT,3,0.32,0,0
6984.95,NET_BANKING,INVALID_DETAILS,2,0.62,1,0
87615.53,UPI,INSUFFICIENT_FUNDS,1,0.36,0,0
99653.78,NET_BANKING,LIMIT_EXCEEDED,2,0.62,0,1
4455.7,CARD,BANK_ERROR,2,0.39,0,1
78914.67,UPI,LIMIT_EXCEEDED,2,0.7,0,0
32293.16,CARD,UNKNOWN,3,0.84,0,0
21805.19,CARD,TIMEOUT,4,0.73,1,1
66874.69,CARD,UNKNOWN,0,0.62,0,1
75464.67,NET_BANKING,BANK_ERROR,2,0.58,0,0
39765.57,CARD,INVALID_DETAILS,2,0.57,1,0
90797.04,WALLET,LIMIT_EXCEEDED,4,0.9,0,0
49964.78,UPI,TIMEOUT,4,0.32,0,0
77816.28,UPI,NETWORK_ERROR,2,0.57,0,0
34477.52,NET_BANKING,NETWORK_ERROR,3,0.65,0,0
59161.33,CARD,TIMEOUT,2,0.36,0,0
61828.48,UPI,NETWORK_ERROR,2,0.94,0,1
92718.57,NET_BANKING,BANK_ERROR,4,0.43,0,0
67771.96,NET_BANKING,NETWORK_ERROR,4,0.59,0,0
14358.13,NET_BANKING,BANK_ERROR,2,0.78,1,0
58384.03,CARD,INSUFFICIENT_FUNDS,2,0.73,0,0
34068.52,WALLET,NETWORK_ERROR,1,0.57,0,1
34469.24,NET_BANKING,LIMIT_EXCEEDED,0,0.47,0,0
825.07,CARD,UNKNOWN,2,0.93,0,1
82205.24,WALLET,BANK_ERROR,2,0.33,0,0
11253.88,WALLET,TIMEOUT,2,0.38,0,0
99421.9,UPI,UNKNOWN,0,0.49,1,1
10041.12,WALLET,BANK_ERROR,0,0.91,1,1
97695.21,NET_BANKING,NETWORK_ERROR,3,0.46,0,0
27040.21,NET_BANKING,UNKNOWN,1,0.4,1,0
17598.31,WALLET,BANK_ERROR,4,0.72,0,0
97877.91,NET_BANKING,UNKNOWN,3,0.38,0,0
46220.91,CARD,BANK_ERROR,1,0.49,0,1
58173.94,WALLET,TIMEOUT,1,0.46,0,0
15463.36,WALLET,UNKNOWN,4,0.81,0,1
88239.73,WALLET,TIMEOUT,4,0.53,0,0
83902.79,CARD,NETWORK_ERROR,1,0.78,1,0
17253.97,WALLET,BANK_ERROR,1,0.51,0,0
89896.03,WALLET,LIMIT_EXCEEDED,3,0.95,1,0
45498.46,UPI,TIMEOUT,4,0.53,0,0
44810.09,WALLET,INSUFFICIENT_FUNDS,3,0.47,0,0
26355.98,CARD,BANK_ERROR,1,0.88,1,0
84667.3,WALLET,NETWORK_ERROR,0,0.82,0,1
61737.27,UPI,NETWORK_ERROR,0,0.66,0,1
85920.78,NET_BANKING,UNKNOWN,1,0.46,0,1
87245.11,UPI,LIMIT_EXCEEDED,1,0.5,0,0
24006.4,CARD,LIMIT_EXCEEDED,0,0.35,0,0
53628.36,WALLET,LIMIT_EXCEEDED,2,0.79,0,1
78797.38,NET_BANKING,UNKNOWN,1,0.82,1,0
89536.4,WALLET,BANK_ERROR,1,0.33,0,1
61092.43,NET_BANKING,LIMIT_EXCEEDED,2,0.61,0,1
25197.37,UPI,INSUFFICIENT_FUNDS,3,0.39,0,0
67913.78,WALLET,LIMIT_EXCEEDED,4,0.79,1,0
52205.79,WALLET,UNKNOWN,2,0.66,0,0
13060.86,UPI,BANK_ERROR,0,0.71,0,1
90464.44,WALLET,TIMEOUT,2,0.55,0,0
21949.26,CARD,TIMEOUT,4,0.84,0,1
24826.93,UPI,BANK_ERROR,3,0.47,0,0
88297.15,WALLET,BANK_ERROR,3,0.95,0,0
92313.3,NET_BANKING,NETWORK_ERROR,0,0.54,0,0
8273.29,NET_BANKING,NETWORK_ERROR,4,0.68,0,0
48206.12,NET_BANKING,NETWORK_ERROR,1,0.51,1,0
15020.93,NET_BANKING,INSUFFICIENT_FUNDS,0,0.65,1,0
33737.07,WALLET,NETWORK_ERROR,4,0.52,0,0
12768.13,WALLET,UNKNOWN,3,0.59,1,0
73002.11,UPI,BANK_ERROR,3,0.52,0,0
14823.17,CARD,INSUFFICIENT_FUNDS,4,0.56,0,1
1705.42,CARD,BANK_ERROR,3,0.69,0,0
42977.69,NET_BANKING,BANK_ERROR,0,0.97,0,1
48525.13,UPI,BANK_ERROR,3,0.92,0,1
8456.97,WALLET,UNKNOWN,2,0.72,0,0
26179.29,NET_BANKING,INVALID_DETAILS,2,0.66,1,0
59588.11,CARD,BANK_ERROR,0,0.6,0,1
50138.0,WALLET,INSUFFICIENT_FUNDS,4,0.5,0,0
22750.71,CARD,BANK_ERROR,3,0.92,0,0
41558.18,WALLET,TIMEOUT,4,0.53,0,0
94874.92,UPI,UNKNOWN,2,0.93,0,0
15827.57,WALLET,INSUFFICIENT_FUNDS,2,0.94,0,1
99780.95,WALLET,LIMIT_EXCEEDED,1,0.58,0,0
16907.0,CARD,LIMIT_EXCEEDED,2,0.7,0,1
73874.31,CARD,LIMIT_EXCEEDED,3,0.64,0,0
69889.66,CARD,INSUFFICIENT_FUNDS,0,0.62,0,0
36993.32,NET_BANKING,INVALID_DETAILS,4,0.36,0,0
4374.75,UPI,INSUFFICIENT_FUNDS,4,0.3,0,0
82507.0,WALLET,INSUFFICIENT_FUNDS,2,0.7,1,1
61467.33,CARD,INSUFFICIENT_FUNDS,3,0.71,0,0
51731.7,WALLET,LIMIT_EXCEEDED,1,0.77,0,1
16699.25,WALLET,UNKNOWN,3,0.54,1,0
81556.48,WALLET,UNKNOWN,1,0.84,0,1
46398.03,CARD,INSUFFICIENT_FUNDS,0,0.34,0,0
13047.92,UPI,NETWORK_ERROR,2,0.77,1,0
41283.12,NET_BANKING,INVALID_DETAILS,1,0.91,0,0
34836.02,UPI,INSUFFICIENT_FUNDS,2,0.56,0,0
78480.62,NET_BANKING,TIMEOUT,1,0.85,0,0
75275.65,CARD,INSUFFICIENT_FUNDS,1,0.95,0,0
33788.35,UPI,BANK_ERROR,1,0.65,0,0
72218.05,WALLET,INSUFFICIENT_FUNDS,0,0.73,0,1
772.36,WALLET,UNKNOWN,4,0.44,0,0
73786.27,NET_BANKING,LIMIT_EXCEEDED,3,0.9,1,0
43776.3,UPI,TIMEOUT,4,0.67,1,0
28806.32,UPI,TIMEOUT,4,0.73,0,0
92940.32,CARD,NETWORK_ERROR,4,0.45,0,0
4351.69,CARD,INVALID_DETAILS,4,0.47,0,0
22569.19,WALLET,BANK_ERROR,3,0.3,0,0
27726.65,WALLET,INSUFFICIENT_FUNDS,4,0.89,0,0
49915.24,CARD,LIMIT_EXCEEDED,4,0.5,0,0
39208.14,NET_BANKING,BANK_ERROR,4,0.75,0,1
64860.88,WALLET,INSUFFICIENT_FUNDS,0,0.39,0,1
26080.7,CARD,TIMEOUT,1,0.8,0,0
31294.5,UPI,INSUFFICIENT_FUNDS,1,0.89,0,1
77148.77,NET_BANKING,BANK_ERROR,0,0.82,0,0
78063.98,WALLET,LIMIT_EXCEEDED,0,0.63,1,1
79005.5,NET_BANKING,BANK_ERROR,3,0.85,1,0
91136.53,UPI,INSUFFICIENT_FUNDS,1,0.4,0,0
19819.96,NET_BANKING,INSUFFICIENT_FUNDS,2,0.88,0,0
81275.04,CARD,BANK_ERROR,1,0.72,0,0
7156.61,CARD,UNKNOWN,3,0.68,0,0
20311.75,UPI,INSUFFICIENT_FUNDS,3,0.43,1,0
93425.05,NET_BANKING,TIMEOUT,0,0.96,0,0
59667.52,UPI,LIMIT_EXCEEDED,1,0.62,1,0
34399.98,UPI,UNKNOWN,2,0.47,1,0
85936.36,UPI,NETWORK_ERROR,1,0.77,0,1
85048.83,UPI,LIMIT_EXCEEDED,2,0.35,0,0
3101.7,NET_BANKING,NETWORK_ERROR,1,0.78,0,1
85231.2,NET_BANKING,INSUFFICIENT_FUNDS,0,0.96,0,1
57852.93,UPI,BANK_ERROR,0,0.49,1,0
8426.48,NET_BANKING,LIMIT_EXCEEDED,2,0.37,0,1
91924.41,WALLET,INSUFFICIENT_FUNDS,2,0.48,0,1
94497.26,UPI,INSUFFICIENT_FUNDS,3,0.33,0,0
16301.29,CARD,INSUFFICIENT_FUNDS,2,0.41,1,1
81318.7,WALLET,BANK_ERROR,1,0.42,1,0
68300.41,NET_BANKING,LIMIT_EXCEEDED,1,0.64,0,0
66854.79,CARD,UNKNOWN,4,0.5,0,0
91119.25,NET_BANKING,NETWORK_ERROR,1,0.72,0,1
60722.96,UPI,INSUFFICIENT_FUNDS,3,0.7,0,0
81537.4,UPI,INVALID_DETAILS,1,0.39,0,0
5133.14,UPI,INVALID_DETAILS,3,0.39,0,0
780.36,CARD,INVALID_DETAILS,0,0.86,0,1
44983.91,CARD,INVALID_DETAILS,0,0.89,0,1
52127.16,NET_BANKING,TIMEOUT,1,0.88,0,1
87060.13,CARD,TIMEOUT,3,0.95,0,1
46626.46,UPI,UNKNOWN,0,0.81,1,1
88190.01,CARD,NETWORK_ERROR,2,0.42,0,0
6996.86,WALLET,NETWORK_ERROR,2,0.74,0,0
84027.06,WALLET,NETWORK_ERROR,1,0.63,0,1
23824.89,WALLET,TIMEOUT,1,0.97,1,0
11427.53,NET_BANKING,LIMIT_EXCEEDED,2,0.77,0,0
31366.61,WALLET,INSUFFICIENT_FUNDS,0,0.69,0,1
81066.16,CARD,INVALID_DETAILS,3,0.96,0,1
76965.07,WALLET,LIMIT_EXCEEDED,2,0.3,0,0
72227.64,WALLET,NETWORK_ERROR,2,0.7,0,0
56738.96,NET_BANKING,INSUFFICIENT_FUNDS,3,0.62,0,0
85850.75,NET_BANKING,TIMEOUT,1,0.66,0,0
2134.92,UPI,INSUFFICIENT_FUNDS,4,0.91,0,1
46974.75,UPI,INSUFFICIENT_FUNDS,4,0.6,0,0
37402.26,UPI,NETWORK_ERROR,0,0.92,0,1
59068.31,WALLET,BANK_ERROR,0,0.53,0,1
25406.51,CARD,INSUFFICIENT_FUNDS,3,0.77,1,0
73002.13,WALLET,UNKNOWN,1,0.84,0,0
23318.26,NET_BANKING,INSUFFICIENT_FUNDS,3,0.77,0,0
16847.29,UPI,INVALID_DETAILS,4,0.31,0,0
23804.85,UPI,INVALID_DETAILS,1,0.43,0,0
6596.88,WALLET,BANK_ERROR,4,0.39,0,0
36980.92,NET_BANKING,UNKNOWN,3,0.4,0,0
38119.57,CARD,NETWORK_ERROR,0,0.66,0,0
21572.62,CARD,TIMEOUT,0,0.6,0,1
55722.23,NET_BANKING,TIMEOUT,1,0.86,1,0
95385.0,WALLET,BANK_ERROR,4,0.87,0,1
21807.64,UPI,BANK_ERROR,3,0.5,1,1
58349.55,CARD,INSUFFICIENT_FUNDS,1,0.8,1,1
48192.51,CARD,INSUFFICIENT_FUNDS,4,0.42,0,0
5550.44,UPI,BANK_ERROR,4,0.68,0,1
26483.45,CARD,UNKNOWN,1,0.33,0,1
80385.57,CARD,INVALID_DETAILS,0,0.65,1,0
63568.52,UPI,INVALID_DETAILS,2,0.61,0,0
3794.06,UPI,UNKNOWN,0,0.83,0,0
8821.56,CARD,UNKNOWN,4,0.36,0,0
44178.42,NET_BANKING,INSUFFICIENT_FUNDS,4,0.32,0,0
67381.77,NET_BANKING,UNKNOWN,2,0.48,0,1
66980.28,WALLET,NETWORK_ERROR,3,0.66,0,0
29253.23,UPI,NETWORK_ERROR,3,0.62,1,1
60121.56,UPI,INVALID_DETAILS,2,0.9,0,0
36465.94,NET_BANKING,LIMIT_EXCEEDED,1,0.58,1,0
79871.16,CARD,NETWORK_ERROR,2,0.75,0,1
57894.11,UPI,LIMIT_EXCEEDED,0,0.73,0,1
60409.2,WALLET,LIMIT_EXCEEDED,2,0.83,0,0
95333.99,CARD,BANK_ERROR,0,0.34,0,0
25655.1,UPI,LIMIT_EXCEEDED,4,0.8,0,1
85766.1,CARD,LIMIT_EXCEEDED,3,0.64,0,0
76503.36,UPI,TIMEOUT,2,0.46,0,0
67951.35,CARD,LIMIT_EXCEEDED,4,0.74,0,0
24650.26,WALLET,UNKNOWN,1,0.55,1,1
96096.98,NET_BANKING,INSUFFICIENT_FUNDS,3,0.89,0,0
39293.14,NET_BANKING,UNKNOWN,2,0.82,0,0
72251.85,NET_BANKING,NETWORK_ERROR,4,0.76,0,0
73060.01,UPI,TIMEOUT,3,0.51,0,0
96017.18,UPI,UNKNOWN,1,0.8,0,0
52115.32,NET_BANKING,NETWORK_ERROR,1,0.62,0,1
29324.77,UPI,UNKNOWN,2,0.46,0,0
35828.81,NET_BANKING,LIMIT_EXCEEDED,2,0.9,0,1
14570.9,UPI,INSUFFICIENT_FUNDS,0,0.78,0,0
78843.62,UPI,LIMIT_EXCEEDED,1,0.46,0,1
22069.83,WALLET,INVALID_DETAILS,2,0.98,0,0
72474.4,UPI,UNKNOWN,4,0.82,0,0
39239.4,WALLET,LIMIT_EXCEEDED,3,0.83,1,1
18890.47,UPI,UNKNOWN,0,0.7,0,1
13226.75,UPI,BANK_ERROR,3,0.53,0,0
97910.67,UPI,INVALID_DETAILS,3,0.92,1,0
61169.39,NET_BANKING,BANK_ERROR,0,0.35,1,1
52833.16,NET_BANKING,INSUFFICIENT_FUNDS,4,0.5,0,0
83887.49,CARD,UNKNOWN,3,0.43,0,0
50832.33,UPI,BANK_ERROR,3,0.49,0,1
93410.9,NET_BANKING,BANK_ERROR,4,0.66,0,0
77912.84,NET_BANKING,BANK_ERROR,3,0.94,0,0
5112.66,UPI,INSUFFICIENT_FUNDS,1,0.59,0,0
87545.49,UPI,LIMIT_EXCEEDED,1,0.55,0,1
87187.9,UPI,TIMEOUT,1,0.77,0,0
10444.6,CARD,UNKNOWN,1,0.47,0,0
51153.04,CARD,TIMEOUT,4,0.37,0,0
90290.58,CARD,LIMIT_EXCEEDED,2,0.5,0,0
55675.81,WALLET,UNKNOWN,1,0.53,0,0
55253.68,CARD,TIMEOUT,0,0.44,0,1
10696.24,NET_BANKING,TIMEOUT,0,0.71,0,0
58293.94,UPI,UNKNOWN,2,0.49,0,0
45584.24,NET_BANKING,LIMIT_EXCEEDED,1,0.57,1,0
62783.26,WALLET,UNKNOWN,2,0.86,1,0
67752.91,WALLET,INSUFFICIENT_FUNDS,4,0.5,1,0
63859.31,CARD,BANK_ERROR,2,0.68,0,0
31304.53,CARD,BANK_ERROR,1,0.37,0,1
96926.45,WALLET,LIMIT_EXCEEDED,4,0.95,0,0
99007.25,WALLET,BANK_ERROR,3,0.74,0,0
3536.77,WALLET,BANK_ERROR,1,0.51,0,1
67179.58,NET_BANKING,INVALID_DETAILS,1,0.91,1,0
75822.71,NET_BANKING,UNKNOWN,0,0.91,0,1
14674.4,WALLET,NETWORK_ERROR,0,0.67,0,0
54677.79,CARD,TIMEOUT,2,0.36,1,0
40989.03,UPI,UNKNOWN,1,0.31,0,1
83146.11,CARD,UNKNOWN,1,0.85,0,0
75166.97,NET_BANKING,UNKNOWN,1,0.83,0,1
79730.21,NET_BANKING,UNKNOWN,4,0.48,0,0
16842.42,CARD,INSUFFICIENT_FUNDS,0,0.75,1,1
88580.76,UPI,INSUFFICIENT_FUNDS,0,0.87,0,1
66997.35,NET_BANKING,UNKNOWN,0,0.33,0,1
65004.38,UPI,NETWORK_ERROR,4,0.35,0,0
18130.33,CARD,UNKNOWN,4,0.95,0,1
37151.93,NET_BANKING,NETWORK_ERROR,0,0.91,0,1
16650.07,WALLET,BANK_ERROR,3,0.82,0,0
34782.77,UPI,INVALID_DETAILS,3,0.79,0,0
98207.25,UPI,UNKNOWN,2,0.32,1,0
97044.55,CARD,BANK_ERROR,3,0.46,0,0
71634.43,CARD,BANK_ERROR,2,0.92,0,0
8375.51,UPI,BANK_ERROR,1,0.76,0,1
11705.69,WALLET,BANK_ERROR,4,0.97,0,0
57556.85,NET_BANKING,TIMEOUT,0,0.43,0,0
30024.45,NET_BANKING,LIMIT_EXCEEDED,0,0.79,0,1
14514.69,WALLET,NETWORK_ERROR,4,0.33,0,0
5763.56,WALLET,BANK_ERROR,2,0.87,0,1
14606.44,WALLET,INVALID_DETAILS,3,0.75,0,1
83478.81,UPI,TIMEOUT,4,0.66,0,1
52182.74,WALLET,BANK_ERROR,4,0.67,0,0
44074.13,WALLET,UNKNOWN,1,0.89,1,1
51772.38,NET_BANKING,TIMEOUT,0,0.53,1,0
2780.41,WALLET,TIMEOUT,0,0.61,0,0
23977.02,WALLET,LIMIT_EXCEEDED,1,0.88,0,1
54291.75,UPI,INVALID_DETAILS,1,0.42,0,0
99219.0,NET_BANKING,INSUFFICIENT_FUNDS,2,0.67,0,0
40791.0,CARD,INVALID_DETAILS,0,0.66,0,0
33075.56,WALLET,TIMEOUT,4,0.95,1,0
27217.49,WALLET,LIMIT_EXCEEDED,4,0.67,1,0
13123.97,UPI,UNKNOWN,2,0.84,1,1
84255.51,WALLET,INVALID_DETAILS,4,0.79,0,0
13433.82,NET_BANKING,UNKNOWN,4,0.65,0,0
45460.43,WALLET,UNKNOWN,0,0.77,0,0
23910.45,WALLET,TIMEOUT,3,0.62,1,0
3108.68,WALLET,NETWORK_ERROR,3,0.83,1,0
97349.06,WALLET,LIMIT_EXCEEDED,4,0.63,1,0
91574.17,WALLET,INVALID_DETAILS,1,0.87,0,0
49643.76,UPI,UNKNOWN,4,0.52,1,0
68392.7,CARD,NETWORK_ERROR,0,0.77,0,0
75678.93,WALLET,TIMEOUT,4,0.53,0,1
12920.14,NET_BANKING,LIMIT_EXCEEDED,1,0.83,0,1
18664.33,WALLET,TIMEOUT,4,0.57,0,0
29769.31,CARD,INVALID_DETAILS,1,0.76,1,0
83115.68,CARD,UNKNOWN,1,0.67,1,0
16859.94,UPI,INVALID_DETAILS,2,0.43,0,0
18200.91,NET_BANKING,TIMEOUT,1,0.96,0,1
86899.26,CARD,NETWORK_ERROR,4,0.71,0,0
93988.15,UPI,LIMIT_EXCEEDED,3,0.55,0,0
26653.51,WALLET,UNKNOWN,4,0.52,1,0
68170.26,NET_BANKING,BANK_ERROR,0,0.43,1,0
51474.86,UPI,UNKNOWN,0,0.92,1,1
52393.49,NET_BANKING,LIMIT_EXCEEDED,1,0.48,0,0
39755.81,UPI,NETWORK_ERROR,2,0.61,0,1
22051.29,CARD,NETWORK_ERROR,4,0.9,0,0
52690.22,CARD,UNKNOWN,3,0.6,0,0
26942.57,CARD,INVALID_DETAILS,0,0.49,0,0
45934.98,UPI,INVALID_DETAILS,4,0.66,1,0
13597.62,WALLET,INSUFFICIENT_FUNDS,2,0.55,0,0
85717.11,NET_BANKING,TIMEOUT,1,0.91,0,0
77697.98,WALLET,INSUFFICIENT_FUNDS,2,0.89,1,0
45253.08,WALLET,NETWORK_ERROR,2,0.89,0,1
34059.89,NET_BANKING,LIMIT_EXCEEDED,2,0.8,0,0
32074.06,NET_BANKING,BANK_ERROR,4,0.39,1,0
81335.58,WALLET,NETWORK_ERROR,0,0.39,0,1
80261.34,NET_BANKING,INVALID_DETAILS,1,0.7,0,0
64443.72,UPI,UNKNOWN,2,0.89,0,1
48312.65,CARD,INVALID_DETAILS,3,0.68,0,0
28794.12,WALLET,TIMEOUT,4,0.72,0,0
69190.89,CARD,TIMEOUT,3,0.91,0,1
41621.31,UPI,BANK_ERROR,2,0.88,0,1
94995.46,UPI,LIMIT_EXCEEDED,1,0.85,0,0
11033.19,CARD,BANK_ERROR,0,0.39,1,0
1204.89,NET_BANKING,LIMIT_EXCEEDED,0,0.34,0,0
41829.12,WALLET,BANK_ERROR,1,0.79,0,1
76810.03,WALLET,LIMIT_EXCEEDED,0,0.75,0,0
48267.92,NET_BANKING,NETWORK_ERROR,2,0.68,0,1
86342.4,UPI,NETWORK_ERROR,1,0.72,1,0
74319.18,WALLET,INVALID_DETAILS,4,0.46,0,0
18574.42,WALLET,INSUFFICIENT_FUNDS,3,0.42,0,0
78827.56,CARD,LIMIT_EXCEEDED,4,0.96,0,1
57876.48,CARD,INVALID_DETAILS,3,0.9,0,0
65896.09,UPI,INVALID_DETAILS,2,0.46,1,0
32847.7,NET_BANKING,INVALID_DETAILS,1,0.84,1,0
31152.11,WALLET,INSUFFICIENT_FUNDS,3,0.79,0,0
22277.17,WALLET,NETWORK_ERROR,1,0.94,1,0
57972.09,WALLET,LIMIT_EXCEEDED,0,0.42,0,0
58435.45,UPI,BANK_ERROR,4,0.42,0,0
66838.69,WALLET,UNKNOWN,4,0.92,0,0
81841.27,CARD,LIMIT_EXCEEDED,4,0.94,1,0
81325.92,UPI,BANK_ERROR,2,0.57,0,1
88395.46,NET_BANKING,UNKNOWN,4,0.63,0,0
57107.67,NET_BANKING,INVALID_DETAILS,1,0.77,0,0
24061.19,WALLET,INSUFFICIENT_FUNDS,0,0.44,0,1
39091.19,UPI,UNKNOWN,4,0.88,1,0
35015.3,CARD,BANK_ERROR,4,0.91,0,1
57930.25,NET_BANKING,INVALID_DETAILS,0,0.36,0,0
73624.75,CARD,INSUFFICIENT_FUNDS,4,0.86,0,0
8723.46,WALLET,INSUFFICIENT_FUNDS,4,0.96,0,0
73309.67,UPI,BANK_ERROR,1,0.38,0,0
14393.69,UPI,LIMIT_EXCEEDED,0,0.38,0,1
18480.34,UPI,LIMIT_EXCEEDED,0,0.6,0,0
76115.22,CARD,BANK_ERROR,4,0.81,0,0
43429.13,NET_BANKING,BANK_ERROR,4,0.31,0,0
81220.29,UPI,BANK_ERROR,2,0.42,0,0
68462.65,CARD,NETWORK_ERROR,0,0.69,0,1
29027.94,CARD,INSUFFICIENT_FUNDS,4,0.43,0,0
38359.31,UPI,UNKNOWN,0,0.85,0,1
34851.26,WALLET,UNKNOWN,0,0.83,0,1
27908.46,WALLET,NETWORK_ERROR,4,0.52,0,0
13468.19,UPI,NETWORK_ERROR,0,0.9,0,0
93053.43,WALLET,INSUFFICIENT_FUNDS,2,0.72,0,0
6500.74,UPI,TIMEOUT,0,0.59,1,1
13085.04,NET_BANKING,LIMIT_EXCEEDED,0,0.53,0,1
87919.42,UPI,BANK_ERROR,2,0.32,0,0
90844.06,WALLET,TIMEOUT,4,0.92,0,0
31171.8,UPI,NETWORK_ERROR,3,0.7,0,0
17662.01,CARD,NETWORK_ERROR,3,0.87,0,1
43701.39,UPI,INSUFFICIENT_FUNDS,4,0.34,0,0
4353.67,UPI,UNKNOWN,3,0.68,0,0
94349.36,WALLET,BANK_ERROR,3,0.65,1,0
72812.93,NET_BANKING,TIMEOUT,0,0.4,0,1
34600.54,UPI,TIMEOUT,0,0.43,0,1
5861.37,CARD,NETWORK_ERROR,0,0.96,0,1
27917.01,NET_BANKING,BANK_ERROR,3,0.42,0,0
18581.72,NET_BANKING,TIMEOUT,3,0.78,1,1
12489.39,UPI,NETWORK_ERROR,1,0.98,0,1
81081.67,WALLET,NETWORK_ERROR,3,0.9,0,1
58722.15,CARD,UNKNOWN,1,0.78,0,1
26967.44,WALLET,TIMEOUT,0,0.51,0,1
7247.22,UPI,INSUFFICIENT_FUNDS,3,0.7,0,0
2454.96,NET_BANKING,LIMIT_EXCEEDED,1,0.67,1,0
75850.08,NET_BANKING,LIMIT_EXCEEDED,0,0.51,0,1
25924.41,UPI,UNKNOWN,4,0.5,1,0
39802.52,WALLET,INVALID_DETAILS,1,0.74,0,0
12467.65,WALLET,TIMEOUT,4,0.68,0,0
95567.48,CARD,BANK_ERROR,3,0.49,0,0
25200.06,CARD,UNKNOWN,2,0.6,0,0
67138.28,NET_BANKING,LIMIT_EXCEEDED,4,0.92,1,1
71292.95,NET_BANKING,BANK_ERROR,3,0.88,0,0
51799.34,CARD,INSUFFICIENT_FUNDS,0,0.58,0,0
63267.05,NET_BANKING,INSUFFICIENT_FUNDS,4,0.94,0,0
75217.1,WALLET,BANK_ERROR,0,0.36,0,0
53981.43,NET_BANKING,INVALID_DETAILS,4,0.32,0,0
89469.28,NET_BANKING,LIMIT_EXCEEDED,1,0.41,0,0
35927.06,CARD,LIMIT_EXCEEDED,3,0.96,0,1
17671.22,UPI,NETWORK_ERROR,4,0.33,0,0
82966.66,CARD,UNKNOWN,1,0.56,0,0
76578.65,UPI,BANK_ERROR,4,0.91,1,1
67206.03,CARD,TIMEOUT,3,0.69,0,1
4791.9,NET_BANKING,BANK_ERROR,0,0.48,0,1
35783.7,UPI,TIMEOUT,4,0.74,0,0
80943.75,CARD,NETWORK_ERROR,3,0.54,0,0
66033.8,WALLET,BANK_ERROR,2,0.74,1,0
28662.48,WALLET,TIMEOUT,4,0.47,0,0
26931.65,NET_BANKING,BANK_ERROR,0,0.6,0,1
14662.8,NET_BANKING,LIMIT_EXCEEDED,1,0.86,0,0
534.16,CARD,NETWORK_ERROR,4,0.57,1,1
43872.87,NET_BANKING,TIMEOUT,3,0.4,1,0
42778.99,UPI,INSUFFICIENT_FUNDS,2,0.35,0,0
72614.7,NET_BANKING,INVALID_DETAILS,4,0.74,0,0
71616.11,UPI,BANK_ERROR,1,0.62,0,1
98110.76,UPI,NETWORK_ERROR,2,0.68,0,0
70183.01,CARD,NETWORK_ERROR,2,0.81,0,1
10187.46,NET_BANKING,INVALID_DETAILS,0,0.89,0,0
41930.89,UPI,TIMEOUT,3,0.91,0,1
26239.84,UPI,LIMIT_EXCEEDED,4,0.95,0,0
55339.72,UPI,NETWORK_ERROR,0,0.6,0,0
78834.05,NET_BANKING,LIMIT_EXCEEDED,1,0.92,0,0
61838.58,CARD,INVALID_DETAILS,4,0.57,1,0
50918.96,NET_BANKING,INVALID_DETAILS,0,0.52,1,0
66160.71,UPI,INSUFFICIENT_FUNDS,4,0.39,1,0
68901.54,WALLET,NETWORK_ERROR,1,0.77,0,1
11782.16,WALLET,INSUFFICIENT_FUNDS,3,0.76,0,0
75394.28,WALLET,BANK_ERROR,3,0.51,0,0
10450.83,NET_BANKING,NETWORK_ERROR,2,0.71,0,1
59614.68,NET_BANKING,UNKNOWN,1,0.5,1,1
92090.59,WALLET,INVALID_DETAILS,2,0.83,1,0
41340.8,NET_BANKING,UNKNOWN,3,0.48,0,0
31817.39,NET_BANKING,TIMEOUT,3,0.53,0,0
31197.88,NET_BANKING,BANK_ERROR,1,0.83,1,1
85775.21,NET_BANKING,NETWORK_ERROR,3,0.9,0,1
42164.03,NET_BANKING,INSUFFICIENT_FUNDS,0,0.57,0,1
92572.55,UPI,INVALID_DETAILS,3,0.41,0,0
18513.87,WALLET,TIMEOUT,3,0.77,0,1
31942.52,UPI,TIMEOUT,0,0.37,0,0
9683.87,NET_BANKING,LIMIT_EXCEEDED,4,0.73,0,0
53916.62,UPI,TIMEOUT,4,0.65,0,0
56103.52,CARD,UNKNOWN,0,0.42,1,0
93107.16,UPI,UNKNOWN,2,0.6,0,0
64040.11,WALLET,INSUFFICIENT_FUNDS,1,0.8,0,0
23266.35,WALLET,NETWORK_ERROR,1,0.59,1,0
53462.85,WALLET,LIMIT_EXCEEDED,2,0.96,0,1
51648.58,NET_BANKING,BANK_ERROR,0,0.76,0,0
36521.9,NET_BANKING,INSUFFICIENT_FUNDS,0,0.76,0,0
28878.09,WALLET,NETWORK_ERROR,1,0.89,0,0
15839.3,WALLET,NETWORK_ERROR,4,0.72,0,0
81652.09,UPI,TIMEOUT,3,0.91,0,1
29700.25,CARD,TIMEOUT,1,0.32,1,0
82054.95,WALLET,NETWORK_ERROR,0,0.75,0,1
78511.8,CARD,UNKNOWN,0,0.47,0,0
79386.2,CARD,NETWORK_ERROR,4,0.64,0,0
33436.9,CARD,NETWORK_ERROR,0,0.32,0,0
39935.73,WALLET,LIMIT_EXCEEDED,2,0.65,0,1
17638.87,NET_BANKING,NETWORK_ERROR,2,0.48,0,0
82035.2,NET_BANKING,INVALID_DETAILS,0,0.62,1,0
55470.87,UPI,INVALID_DETAILS,2,0.46,1,0
96054.33,NET_BANKING,UNKNOWN,4,0.8,1,0
58839.42,CARD,UNKNOWN,4,0.34,0,0
83832.29,UPI,NETWORK_ERROR,3,0.76,0,1
9409.4,WALLET,INVALID_DETAILS,2,0.42,0,0
65045.4,WALLET,BANK_ERROR,4,0.46,1,0
11716.6,WALLET,INSUFFICIENT_FUNDS,3,0.93,0,0
98348.84,UPI,INVALID_DETAILS,4,0.68,0,0
81713.33,UPI,BANK_ERROR,1,0.42,0,0
38901.01,WALLET,TIMEOUT,0,0.33,0,0
67311.57,WALLET,INVALID_DETAILS,3,0.38,1,0
37580.8,UPI,NETWORK_ERROR,0,0.92,0,1
32272.81,CARD,INVALID_DETAILS,0,0.7,0,1
78412.32,CARD,BANK_ERROR,2,0.51,1,0
10216.99,UPI,BANK_ERROR,0,0.61,0,1
81828.29,NET_BANKING,NETWORK_ERROR,4,0.56,0,0
5084.68,WALLET,INVALID_DETAILS,3,0.59,0,0
39602.24,NET_BANKING,NETWORK_ERROR,0,0.78,0,1
44978.58,NET_BANKING,INSUFFICIENT_FUNDS,3,0.72,1,0
4674.79,UPI,NETWORK_ERROR,4,0.82,0,1
55619.13,WALLET,LIMIT_EXCEEDED,4,0.68,0,0
78598.71,CARD,LIMIT_EXCEEDED,3,0.68,1,0
47511.6,WALLET,UNKNOWN,4,0.35,0,0
18470.7,WALLET,UNKNOWN,0,0.69,0,0
13087.17,UPI,BANK_ERROR,3,0.9,0,0
52436.67,CARD,TIMEOUT,0,0.51,0,1
94389.01,NET_BANKING,BANK_ERROR,0,0.83,0,1
95755.02,WALLET,TIMEOUT,3,0.5,0,1
30031.39,CARD,UNKNOWN,0,0.37,1,1
71420.63,WALLET,BANK_ERROR,3,0.48,0,0
33759.61,UPI,TIMEOUT,0,0.85,0,1
91666.66,UPI,UNKNOWN,4,0.54,0,0
5014.46,WALLET,UNKNOWN,4,0.39,1,0
37033.3,UPI,INVALID_DETAILS,4,0.31,0,0
92571.41,NET_BANKING,TIMEOUT,2,0.95,0,0
28205.39,WALLET,BANK_ERROR,4,0.41,1,0
88605.14,NET_BANKING,INSUFFICIENT_FUNDS,0,0.36,1,0
51912.66,CARD,INVALID_DETAILS,2,0.79,0,0
7712.56,NET_BANKING,INSUFFICIENT_FUNDS,3,0.34,0,0
75429.28,UPI,INSUFFICIENT_FUNDS,0,0.69,0,0
88647.9,UPI,UNKNOWN,0,0.51,0,0
74514.88,CARD,UNKNOWN,3,0.34,1,0
46506.36,WALLET,LIMIT_EXCEEDED,2,0.76,0,1
70215.78,UPI,LIMIT_EXCEEDED,4,0.83,1,0
23086.83,CARD,UNKNOWN,4,0.65,0,0
86587.85,WALLET,NETWORK_ERROR,1,0.7,0,0
41635.25,UPI,LIMIT_EXCEEDED,4,0.93,0,0
54072.77,CARD,UNKNOWN,0,0.32,0,0
56367.29,WALLET,BANK_ERROR,1,0.35,0,0
79171.45,NET_BANKING,TIMEOUT,2,0.66,0,0
42357.35,UPI,TIMEOUT,2,0.97,0,1
19778.74,CARD,INVALID_DETAILS,2,0.91,1,0
96783.46,NET_BANKING,UNKNOWN,1,0.56,0,1
5219.57,NET_BANKING,INSUFFICIENT_FUNDS,3,0.86,0,0
45174.07,NET_BANKING,NETWORK_ERROR,0,0.55,0,0
73054.06,UPI,LIMIT_EXCEEDED,0,0.67,0,1
4729.26,NET_BANKING,INVALID_DETAILS,0,0.75,1,1
95128.68,UPI,TIMEOUT,4,0.94,0,0
14661.26,NET_BANKING,INVALID_DETAILS,3,0.76,0,0
63567.67,WALLET,INVALID_DETAILS,4,0.55,0,0
27170.9,UPI,INVALID_DETAILS,1,0.98,0,1
90161.13,NET_BANKING,UNKNOWN,0,0.31,0,0
5552.0,NET_BANKING,INSUFFICIENT_FUNDS,2,0.45,0,0
79895.79,NET_BANKING,TIMEOUT,4,0.53,0,0
49485.11,WALLET,INVALID_DETAILS,1,0.87,0,1
35709.62,NET_BANKING,INVALID_DETAILS,0,0.92,0,0
29140.64,CARD,NETWORK_ERROR,0,0.44,1,1
13042.62,UPI,BANK_ERROR,3,0.33,1,0
6908.74,NET_BANKING,INVALID_DETAILS,4,0.92,0,0
61729.68,CARD,LIMIT_EXCEEDED,2,0.54,0,0
34376.53,UPI,NETWORK_ERROR,3,0.35,0,0
94086.74,UPI,INVALID_DETAILS,0,0.57,0,0
54976.05,UPI,LIMIT_EXCEEDED,3,0.79,0,0
89596.14,WALLET,LIMIT_EXCEEDED,2,0.77,0,0
66390.13,NET_BANKING,NETWORK_ERROR,4,0.78,0,1
39566.74,WALLET,TIMEOUT,1,0.53,0,0
82930.01,UPI,TIMEOUT,1,0.97,0,0
18772.67,UPI,TIMEOUT,4,0.47,1,0
94728.98,CARD,BANK_ERROR,1,0.51,0,0
3678.86,UPI,INVALID_DETAILS,3,0.87,0,1
76548.39,WALLET,LIMIT_EXCEEDED,2,0.47,0,1
38710.6,WALLET,BANK_ERROR,1,0.72,0,0
95789.93,WALLET,NETWORK_ERROR,4,0.68,1,0
86140.02,UPI,BANK_ERROR,4,0.8,0,0
23479.04,CARD,TIMEOUT,1,0.84,0,1
19060.59,NET_BANKING,TIMEOUT,3,0.91,1,0
11896.18,NET_BANKING,UNKNOWN,1,0.45,1,0
70192.19,CARD,INSUFFICIENT_FUNDS,4,0.79,0,0
52681.08,UPI,LIMIT_EXCEEDED,4,0.92,0,0
43656.62,UPI,LIMIT_EXCEEDED,3,0.44,0,0
73167.84,NET_BANKING,LIMIT_EXCEEDED,3,0.77,0,0
38481.12,UPI,INVALID_DETAILS,0,0.81,0,1
76675.99,CARD,INSUFFICIENT_FUNDS,4,0.97,1,0
58397.5,CARD,UNKNOWN,4,0.49,0,0
99545.18,CARD,BANK_ERROR,3,0.41,0,0
29807.28,CARD,INVALID_DETAILS,1,0.39,0,1
28235.09,NET_BANKING,INVALID_DETAILS,1,0.8,1,1
97406.84,NET_BANKING,LIMIT_EXCEEDED,4,0.78,0,0
73611.25,CARD,INSUFFICIENT_FUNDS,1,0.97,0,0
22292.24,CARD,BANK_ERROR,3,0.64,0,1
37606.61,CARD,INSUFFICIENT_FUNDS,1,0.64,0,1
25719.83,CARD,INSUFFICIENT_FUNDS,0,0.53,1,0
45963.35,NET_BANKING,TIMEOUT,4,0.37,1,0
68536.81,CARD,LIMIT_EXCEEDED,0,0.58,0,0
61007.79,CARD,LIMIT_EXCEEDED,4,0.45,0,0
74316.47,NET_BANKING,INSUFFICIENT_FUNDS,4,0.56,0,0
86929.12,UPI,TIMEOUT,3,0.31,0,0
37173.15,WALLET,UNKNOWN,3,0.61,0,0
93021.22,UPI,LIMIT_EXCEEDED,4,0.85,0,0
29050.5,NET_BANKING,NETWORK_ERROR,0,0.6,0,1
30963.87,CARD,INVALID_DETAILS,1,0.69,0,0
38004.42,WALLET,BANK_ERROR,1,0.88,0,0
12188.38,NET_BANKING,BANK_ERROR,2,0.45,0,0
74014.98,NET_BANKING,NETWORK_ERROR,1,0.37,1,0
95518.5,WALLET,LIMIT_EXCEEDED,4,0.37,1,0
24390.16,NET_BANKING,UNKNOWN,0,0.75,1,1
20500.81,NET_BANKING,UNKNOWN,1,0.9,0,0
19072.57,NET_BANKING,INVALID_DETAILS,0,0.55,0,1
20629.53,UPI,UNKNOWN,1,0.35,0,0
40863.95,NET_BANKING,INVALID_DETAILS,2,0.55,0,0
69137.98,NET_BANKING,TIMEOUT,2,0.84,0,0
79850.02,NET_BANKING,INVALID_DETAILS,2,0.94,0,0
56649.61,NET_BANKING,TIMEOUT,3,0.93,1,0
80785.88,WALLET,BANK_ERROR,2,0.39,0,0
53780.9,UPI,LIMIT_EXCEEDED,2,0.93,1,0
9210.07,NET_BANKING,BANK_ERROR,3,0.71,0,1
38438.04,NET_BANKING,UNKNOWN,3,0.42,0,0
27980.3,CARD,NETWORK_ERROR,4,0.97,0,1
81456.95,UPI,INVALID_DETAILS,2,0.74,1,0
16162.61,WALLET,UNKNOWN,0,0.5,0,1
81054.53,WALLET,LIMIT_EXCEEDED,3,0.45,0,0
68226.63,UPI,INSUFFICIENT_FUNDS,4,0.74,0,0
35948.65,CARD,BANK_ERROR,0,0.35,1,0
55919.65,NET_BANKING,BANK_ERROR,1,0.55,0,1
88973.42,WALLET,NETWORK_ERROR,2,0.87,0,0
64460.17,CARD,UNKNOWN,0,0.77,0,0
82125.4,CARD,TIMEOUT,3,0.61,1,0
40970.39,CARD,TIMEOUT,0,0.38,0,1
76437.62,NET_BANKING,UNKNOWN,1,0.85,1,0
37065.02,UPI,INSUFFICIENT_FUNDS,0,0.93,0,1
13238.34,NET_BANKING,BANK_ERROR,2,0.61,0,1
30461.83,UPI,UNKNOWN,1,0.82,1,0
49690.53,CARD,INSUFFICIENT_FUNDS,1,0.38,0,0
15840.38,WALLET,BANK_ERROR,0,0.71,0,1
48721.65,CARD,NETWORK_ERROR,1,0.79,1,0
66097.75,CARD,BANK_ERROR,1,0.41,0,0
89415.34,CARD,INSUFFICIENT_FUNDS,2,0.55,0,0
78280.37,CARD,UNKNOWN,2,0.45,0,1
35325.8,UPI,TIMEOUT,3,0.36,0,0
51389.34,WALLET,LIMIT_EXCEEDED,3,0.84,0,0
83061.61,CARD,TIMEOUT,0,0.37,0,0
35744.97,CARD,LIMIT_EXCEEDED,4,0.73,0,0
49553.02,WALLET,INVALID_DETAILS,2,0.66,0,0
32769.03,NET_BANKING,BANK_ERROR,1,0.44,0,0
14592.62,CARD,INVALID_DETAILS,4,0.31,0,0
99715.26,NET_BANKING,LIMIT_EXCEEDED,4,0.4,0,0
40800.22,WALLET,BANK_ERROR,4,0.98,0,0
90071.71,CARD,UNKNOWN,3,0.89,0,0
53391.48,NET_BANKING,TIMEOUT,3,0.49,0,0
23296.96,NET_BANKING,UNKNOWN,0,0.74,0,0
7637.84,WALLET,BANK_ERROR,3,0.75,1,0
23309.24,WALLET,INVALID_DETAILS,2,0.56,0,0
4980.78,NET_BANKING,NETWORK_ERROR,4,0.35,0,0
37144.6,WALLET,INVALID_DETAILS,2,0.35,1,0
33329.86,NET_BANKING,INSUFFICIENT_FUNDS,4,0.93,0,0
98484.21,NET_BANKING,TIMEOUT,4,0.64,0,0
81214.75,UPI,NETWORK_ERROR,1,0.6,0,1
86754.28,WALLET,INSUFFICIENT_FUNDS,1,0.8,0,1
20577.64,CARD,UNKNOWN,3,0.92,1,0
64902.99,WALLET,INSUFFICIENT_FUNDS,4,0.95,0,1
49309.67,WALLET,BANK_ERROR,0,0.84,0,1
67657.53,UPI,TIMEOUT,2,0.77,1,0
54697.31,NET_BANKING,BANK_ERROR,1,0.94,1,0
31222.36,UPI,LIMIT_EXCEEDED,0,0.73,0,1
95404.39,NET_BANKING,BANK_ERROR,1,0.38,0,0
35521.3,UPI,UNKNOWN,2,0.63,0,1
64188.35,NET_BANKING,TIMEOUT,0,0.78,0,0
46694.59,NET_BANKING,NETWORK_ERROR,4,0.75,0,1
45058.69,WALLET,NETWORK_ERROR,0,0.59,0,1
69217.31,UPI,NETWORK_ERROR,2,0.32,0,0
22448.78,CARD,INSUFFICIENT_FUNDS,4,0.8,0,0
96307.16,WALLET,INSUFFICIENT_FUNDS,0,0.9,1,1
69746.57,CARD,NETWORK_ERROR,1,0.33,0,0
18335.0,NET_BANKING,INSUFFICIENT_FUNDS,1,0.66,0,1
30321.11,UPI,UNKNOWN,2,0.72,1,0
57206.72,NET_BANKING,LIMIT_EXCEEDED,3,0.54,0,0
30204.44,NET_BANKING,UNKNOWN,2,0.89,0,1
26111.09,UPI,UNKNOWN,2,0.72,0,0
24836.52,CARD,UNKNOWN,2,0.49,0,0
27329.1,WALLET,NETWORK_ERROR,0,0.66,1,1
59535.44,WALLET,BANK_ERROR,4,0.79,0,0
53551.27,NET_BANKING,INSUFFICIENT_FUNDS,1,0.41,0,0
44831.53,UPI,INVALID_DETAILS,1,0.38,0,0
30485.18,NET_BANKING,BANK_ERROR,2,0.73,0,1
58767.71,CARD,INSUFFICIENT_FUNDS,1,0.31,0,0
30786.47,UPI,BANK_ERROR,4,0.45,0,1
73861.02,NET_BANKING,INSUFFICIENT_FUNDS,1,0.83,0,1
85917.93,NET_BANKING,LIMIT_EXCEEDED,4,0.57,0,0
84038.5,UPI,LIMIT_EXCEEDED,3,0.96,0,0
94465.99,NET_BANKING,INVALID_DETAILS,2,0.68,0,0
39094.69,UPI,INSUFFICIENT_FUNDS,1,0.94,1,0
30014.03,CARD,BANK_ERROR,3,0.41,0,0
31347.72,NET_BANKING,BANK_ERROR,2,0.58,0,1
45350.84,WALLET,LIMIT_EXCEEDED,3,0.83,1,1
79251.24,NET_BANKING,INVALID_DETAILS,1,0.69,0,0
5487.24,UPI,INVALID_DETAILS,3,0.6,0,0
99357.93,NET_BANKING,BANK_ERROR,2,0.34,0,0
36977.96,UPI,BANK_ERROR,1,0.85,1,1
34164.88,WALLET,UNKNOWN,2,0.8,0,1
99404.62,CARD,INSUFFICIENT_FUNDS,1,0.31,0,0
21944.86,UPI,BANK_ERROR,0,0.45,0,1
73539.29,UPI,INVALID_DETAILS,3,0.83,0,1
85662.33,CARD,UNKNOWN,3,0.71,0,0
89915.18,UPI,BANK_ERROR,2,0.74,0,0
17717.64,CARD,INVALID_DETAILS,4,0.68,0,0
3389.82,NET_BANKING,INVALID_DETAILS,1,0.33,1,0
97234.44,UPI,INSUFFICIENT_FUNDS,3,0.79,0,1
5685.86,NET_BANKING,INSUFFICIENT_FUNDS,3,0.85,0,1
88368.23,WALLET,INVALID_DETAILS,0,0.87,0,0
32450.94,NET_BANKING,TIMEOUT,0,0.72,1,1
26739.11,WALLET,NETWORK_ERROR,4,0.45,0,0
63077.77,NET_BANKING,LIMIT_EXCEEDED,0,0.42,0,0
58700.86,NET_BANKING,TIMEOUT,3,0.82,0,0
72608.36,CARD,BANK_ERROR,3,0.47,0,0
8092.76,CARD,INSUFFICIENT_FUNDS,1,0.36,0,0
51594.52,CARD,INVALID_DETAILS,2,0.97,1,0
61611.98,UPI,TIMEOUT,0,0.89,0,1
63113.31,CARD,LIMIT_EXCEEDED,1,0.54,1,0
69597.27,CARD,LIMIT_EXCEEDED,2,0.8,0,1
14639.45,WALLET,TIMEOUT,2,0.47,1,1
36391.3,NET_BANKING,BANK_ERROR,1,0.38,0,1
81185.43,WALLET,UNKNOWN,1,0.92,0,0
20634.49,NET_BANKING,NETWORK_ERROR,2,0.6,0,0
50160.03,NET_BANKING,INSUFFICIENT_FUNDS,2,0.62,0,0
68470.1,NET_BANKING,INSUFFICIENT_FUNDS,4,0.82,0,0
49935.1,CARD,TIMEOUT,3,0.73,0,0
74237.55,WALLET,BANK_ERROR,2,0.43,0,0
16421.79,NET_BANKING,LIMIT_EXCEEDED,1,0.31,0,0
8829.64,CARD,INSUFFICIENT_FUNDS,2,0.69,0,1
7597.92,WALLET,BANK_ERROR,0,0.4,0,0
58365.78,CARD,TIMEOUT,1,0.62,0,1
62431.09,NET_BANKING,INVALID_DETAILS,1,0.33,0,0
62538.49,UPI,INVALID_DETAILS,4,0.53,0,0
65642.78,UPI,INSUFFICIENT_FUNDS,2,0.69,0,1
81982.74,UPI,BANK_ERROR,1,0.36,0,1
29959.22,UPI,INVALID_DETAILS,2,0.67,0,0
99147.68,NET_BANKING,INSUFFICIENT_FUNDS,0,0.82,0,1
53954.76,WALLET,NETWORK_ERROR,2,0.81,0,1
57216.72,WALLET,TIMEOUT,4,0.63,0,0
95996.39,WALLET,NETWORK_ERROR,3,0.81,0,0
22162.3,CARD,INSUFFICIENT_FUNDS,4,0.4,0,0
19734.14,UPI,NETWORK_ERROR,0,0.33,0,1
79685.85,UPI,NETWORK_ERROR,3,0.94,1,0
11635.71,WALLET,UNKNOWN,4,0.6,0,0
61490.14,UPI,INVALID_DETAILS,1,0.65,0,0
6172.8,WALLET,TIMEOUT,3,0.31,0,1
35109.63,CARD,INVALID_DETAILS,1,0.67,0,1
10087.94,NET_BANKING,INVALID_DETAILS,0,0.52,0,0
89964.87,UPI,NETWORK_ERROR,4,0.77,0,0
66168.48,UPI,INSUFFICIENT_FUNDS,3,0.57,0,0
43896.7,CARD,UNKNOWN,1,0.42,1,1
87272.03,WALLET,INVALID_DETAILS,1,0.45,0,0
50812.99,UPI,INVALID_DETAILS,4,0.92,0,0
25159.3,NET_BANKING,UNKNOWN,0,0.3,0,0
79214.64,CARD,BANK_ERROR,4,0.4,1,0
22768.67,CARD,TIMEOUT,4,0.8,0,1
93820.61,UPI,TIMEOUT,3,0.64,0,0
63100.39,NET_BANKING,UNKNOWN,4,0.41,1,0
81415.26,CARD,UNKNOWN,0,0.72,0,0
12119.5,UPI,NETWORK_ERROR,4,0.58,1,0
30241.4,WALLET,BANK_ERROR,0,0.97,0,1
69745.15,WALLET,LIMIT_EXCEEDED,3,0.82,1,0
9872.98,NET_BANKING,TIMEOUT,1,0.51,1,0
16669.51,NET_BANKING,BANK_ERROR,4,0.49,0,1
44711.6,NET_BANKING,BANK_ERROR,4,0.89,0,0
14700.58,WALLET,TIMEOUT,4,0.97,0,0
62064.22,WALLET,INSUFFICIENT_FUNDS,4,0.3,1,0
50054.04,NET_BANKING,INVALID_DETAILS,4,0.88,0,0
51151.36,NET_BANKING,INSUFFICIENT_FUNDS,3,0.61,0,0
63176.42,CARD,TIMEOUT,4,0.66,1,0
77752.37,UPI,NETWORK_ERROR,2,0.51,1,0
80717.25,UPI,NETWORK_ERROR,1,0.38,0,1
46138.75,WALLET,TIMEOUT,2,0.68,0,0
27420.68,NET_BANKING,NETWORK_ERROR,4,0.37,0,0
57526.87,CARD,UNKNOWN,0,0.52,0,0
24077.64,WALLET,NETWORK_ERROR,0,0.68,0,1
15363.04,WALLET,UNKNOWN,2,0.92,0,1
34818.89,WALLET,UNKNOWN,3,0.37,1,0
91160.47,NET_BANKING,TIMEOUT,2,0.37,0,1
44108.35,NET_BANKING,TIMEOUT,3,0.69,1,0
91270.49,UPI,LIMIT_EXCEEDED,3,0.41,0,0
20802.47,NET_BANKING,INVALID_DETAILS,0,0.33,0,1
96908.43,CARD,LIMIT_EXCEEDED,4,0.94,0,0
95491.87,WALLET,UNKNOWN,2,0.41,0,0
13041.58,NET_BANKING,NETWORK_ERROR,4,0.71,0,0
76927.78,CARD,UNKNOWN,1,0.38,0,0
63702.63,NET_BANKING,TIMEOUT,0,0.48,0,1
54347.79,NET_BANKING,NETWORK_ERROR,4,0.45,0,1
82496.9,CARD,LIMIT_EXCEEDED,1,0.51,0,0
29103.25,NET_BANKING,BANK_ERROR,0,0.41,1,0
39741.45,CARD,INSUFFICIENT_FUNDS,0,0.93,0,0
14747.05,WALLET,TIMEOUT,1,0.59,0,0
25014.89,NET_BANKING,LIMIT_EXCEEDED,2,0.78,0,1
58653.37,NET_BANKING,BANK_ERROR,2,0.4,0,1
50484.53,WALLET,NETWORK_ERROR,4,0.36,0,0
53144.75,UPI,NETWORK_ERROR,2,0.71,0,1
47425.78,NET_BANKING,INVALID_DETAILS,1,0.54,0,0
73314.11,NET_BANKING,INSUFFICIENT_FUNDS,3,0.38,1,0
57322.07,CARD,NETWORK_ERROR,2,0.88,1,0
49088.87,UPI,BANK_ERROR,1,0.38,0,0
7330.44,CARD,BANK_ERROR,4,0.92,0,1
47706.21,CARD,UNKNOWN,4,0.35,0,0
1459.45,WALLET,BANK_ERROR,2,0.77,0,1
30920.09,NET_BANKING,UNKNOWN,1,0.93,0,0
51429.86,UPI,LIMIT_EXCEEDED,4,0.89,0,0
29607.47,WALLET,TIMEOUT,0,0.8,0,0
59452.74,WALLET,LIMIT_EXCEEDED,0,0.97,0,1
58972.25,NET_BANKING,TIMEOUT,3,0.48,0,0
58790.81,UPI,INVALID_DETAILS,0,0.38,1,0
23173.57,UPI,LIMIT_EXCEEDED,1,0.87,0,0
54260.11,WALLET,INVALID_DETAILS,4,0.5,0,0
28055.07,NET_BANKING,LIMIT_EXCEEDED,4,0.79,1,0
91128.45,NET_BANKING,UNKNOWN,3,0.52,1,0
94572.06,UPI,UNKNOWN,4,0.33,0,0
46544.7,UPI,UNKNOWN,1,0.5,1,0
86057.97,UPI,TIMEOUT,0,0.93,1,0
26637.87,NET_BANKING,UNKNOWN,0,0.84,0,0
16407.66,WALLET,LIMIT_EXCEEDED,0,0.36,0,1
50526.36,WALLET,UNKNOWN,4,0.38,0,0
98591.08,UPI,NETWORK_ERROR,2,0.69,0,0
91733.53,CARD,UNKNOWN,0,0.6,1,0
56247.26,WALLET,TIMEOUT,4,0.44,0,0
31651.56,UPI,UNKNOWN,3,0.95,0,0
19918.31,WALLET,INSUFFICIENT_FUNDS,0,0.38,0,1
25237.67,CARD,UNKNOWN,4,0.97,0,0
35281.39,CARD,INVALID_DETAILS,3,0.33,0,0
53733.64,UPI,UNKNOWN,4,0.79,0,1
13995.09,CARD,INVALID_DETAILS,3,0.44,0,0
79609.94,WALLET,BANK_ERROR,3,0.82,0,1
69175.61,WALLET,LIMIT_EXCEEDED,1,0.44,0,1
1207.88,NET_BANKING,LIMIT_EXCEEDED,2,0.96,0,0
29543.93,CARD,INSUFFICIENT_FUNDS,2,0.89,0,0
19000.77,NET_BANKING,UNKNOWN,0,0.37,0,0
61537.71,CARD,UNKNOWN,4,0.92,0,0
85598.4,WALLET,UNKNOWN,3,0.58,0,0
52363.38,WALLET,UNKNOWN,2,0.47,0,0
62533.46,WALLET,NETWORK_ERROR,1,0.53,0,1
97543.63,UPI,INSUFFICIENT_FUNDS,1,0.76,1,0
21792.32,NET_BANKING,BANK_ERROR,3,0.59,0,0
87300.07,NET_BANKING,INVALID_DETAILS,2,0.76,0,0
23376.71,NET_BANKING,UNKNOWN,1,0.93,1,0
42129.71,WALLET,NETWORK_ERROR,4,0.73,0,1
53889.81,NET_BANKING,LIMIT_EXCEEDED,4,0.61,0,0
35385.2,CARD,UNKNOWN,2,0.67,0,0
45624.52,CARD,INSUFFICIENT_FUNDS,3,0.85,1,0
75877.12,NET_BANKING,UNKNOWN,0,0.44,0,0
90164.01,WALLET,BANK_ERROR,4,0.62,0,1
23786.62,WALLET,NETWORK_ERROR,3,0.61,0,0
60701.76,UPI,NETWORK_ERROR,1,0.65,0,1
13207.77,CARD,NETWORK_ERROR,2,0.84,0,1
84814.55,CARD,INSUFFICIENT_FUNDS,4,0.32,0,0
27218.83,NET_BANKING,INSUFFICIENT_FUNDS,0,0.34,0,0
27575.08,CARD,BANK_ERROR,2,0.55,0,0
6419.97,WALLET,INVALID_DETAILS,4,0.51,0,0
95235.74,UPI,LIMIT_EXCEEDED,4,0.62,0,0
57646.46,CARD,BANK_ERROR,1,0.55,0,0
18959.46,UPI,NETWORK_ERROR,1,0.42,0,0
5635.96,CARD,NETWORK_ERROR,3,0.66,0,1
47751.67,CARD,LIMIT_EXCEEDED,3,0.61,0,0
78014.09,UPI,LIMIT_EXCEEDED,2,0.83,0,0
72283.45,UPI,LIMIT_EXCEEDED,2,0.43,1,1
46752.21,NET_BANKING,INSUFFICIENT_FUNDS,0,0.37,0,0
56527.04,UPI,INSUFFICIENT_FUNDS,3,0.45,0,0
3943.43,WALLET,BANK_ERROR,1,0.36,0,1
4605.02,WALLET,INSUFFICIENT_FUNDS,3,0.64,0,0
25761.64,NET_BANKING,INVALID_DETAILS,3,0.84,0,0
80870.44,UPI,TIMEOUT,0,0.61,0,1
97847.89,CARD,UNKNOWN,2,0.5,0,0
64970.61,UPI,BANK_ERROR,2,0.42,1,1
95457.81,UPI,LIMIT_EXCEEDED,2,0.51,0,0
18439.31,UPI,BANK_ERROR,1,0.59,0,1
13489.72,WALLET,INSUFFICIENT_FUNDS,3,0.71,0,1
97082.12,CARD,NETWORK_ERROR,2,0.86,0,1
38535.36,CARD,INSUFFICIENT_FUNDS,0,0.69,0,0
58353.5,UPI,BANK_ERROR,3,0.67,0,0
73384.43,WALLET,NETWORK_ERROR,3,0.68,1,1
46629.09,UPI,INSUFFICIENT_FUNDS,4,0.66,0,1
75045.54,WALLET,UNKNOWN,4,0.96,1,1
29511.8,CARD,INSUFFICIENT_FUNDS,3,0.5,0,0
76527.08,CARD,TIMEOUT,4,0.95,0,0
97974.92,NET_BANKING,LIMIT_EXCEEDED,2,0.65,0,0
50664.88,UPI,BANK_ERROR,4,0.96,0,0
15229.4,UPI,BANK_ERROR,0,0.98,0,1
93910.64,CARD,UNKNOWN,0,0.54,0,1
22171.5,UPI,INSUFFICIENT_FUNDS,0,0.67,0,1
71574.57,WALLET,TIMEOUT,1,0.7,1,0
57387.86,UPI,INSUFFICIENT_FUNDS,2,0.38,0,0
85114.28,WALLET,LIMIT_EXCEEDED,1,0.86,0,1
45946.26,WALLET,INVALID_DETAILS,4,0.33,0,0
30370.06,UPI,UNKNOWN,4,0.59,0,1
2794.24,NET_BANKING,INVALID_DETAILS,1,0.47,0,0
24809.69,WALLET,INSUFFICIENT_FUNDS,0,0.66,0,0
55751.95,NET_BANKING,INVALID_DETAILS,2,0.52,0,0
31250.07,UPI,BANK_ERROR,2,0.85,0,1
76382.59,NET_BANKING,TIMEOUT,3,0.32,0,0
59924.43,NET_BANKING,LIMIT_EXCEEDED,2,0.89,0,0
10001.31,CARD,NETWORK_ERROR,0,0.85,1,0
15644.65,CARD,INVALID_DETAILS,1,0.65,1,0
612.29,WALLET,BANK_ERROR,0,0.66,1,1
69038.3,CARD,TIMEOUT,1,0.84,0,1
31501.52,CARD,NETWORK_ERROR,3,0.31,0,0
99252.79,CARD,LIMIT_EXCEEDED,2,0.37,0,0
63020.01,NET_BANKING,NETWORK_ERROR,4,0.31,0,0
46732.5,CARD,BANK_ERROR,0,0.48,0,1
56374.98,CARD,TIMEOUT,0,0.32,0,0
56995.93,WALLET,INSUFFICIENT_FUNDS,2,0.36,0,0
53468.98,NET_BANKING,INSUFFICIENT_FUNDS,3,0.8,0,1
81582.22,NET_BANKING,NETWORK_ERROR,3,0.79,0,0
97857.71,WALLET,BANK_ERROR,2,0.56,0,1
24041.48,NET_BANKING,TIMEOUT,1,0.96,0,1
23870.41,WALLET,INSUFFICIENT_FUNDS,3,0.98,1,0
75807.8,CARD,UNKNOWN,3,0.75,0,0
51184.1,WALLET,INVALID_DETAILS,3,0.94,0,0
27968.16,UPI,LIMIT_EXCEEDED,3,0.9,0,0
85697.8,NET_BANKING,UNKNOWN,4,0.5,0,0
58029.02,CARD,NETWORK_ERROR,0,0.32,0,1
56779.72,NET_BANKING,BANK_ERROR,1,0.46,0,1
31070.24,WALLET,INVALID_DETAILS,3,0.67,0,0
63901.22,NET_BANKING,LIMIT_EXCEEDED,2,0.41,0,0
97004.71,NET_BANKING,UNKNOWN,2,0.74,0,1
71170.62,WALLET,UNKNOWN,1,0.67,0,0
750.88,WALLET,BANK_ERROR,2,0.45,1,0
86468.01,CARD,INVALID_DETAILS,0,0.66,0,0
2808.31,WALLET,TIMEOUT,2,0.89,0,1
10525.27,UPI,BANK_ERROR,0,0.41,0,0
28257.11,CARD,BANK_ERROR,0,0.38,0,0
95130.65,WALLET,INSUFFICIENT_FUNDS,1,0.64,0,0
50771.02,UPI,INSUFFICIENT_FUNDS,1,0.41,0,0
82893.16,UPI,INSUFFICIENT_FUNDS,0,0.85,0,1
91938.87,WALLET,UNKNOWN,0,0.46,0,0
46930.16,WALLET,INSUFFICIENT_FUNDS,0,0.9,0,1
98775.63,NET_BANKING,INVALID_DETAILS,4,0.96,0,0
58392.52,NET_BANKING,UNKNOWN,3,0.86,0,0
63054.29,UPI,BANK_ERROR,3,0.53,0,0
2752.06,CARD,LIMIT_EXCEEDED,4,0.76,0,1
14191.38,WALLET,LIMIT_EXCEEDED,0,0.79,0,1
42961.82,UPI,UNKNOWN,4,0.62,0,0
59774.33,WALLET,NETWORK_ERROR,3,0.63,0,0
83831.38,UPI,TIMEOUT,3,0.68,0,1
79927.75,UPI,INVALID_DETAILS,4,0.55,0,0
3632.04,CARD,INVALID_DETAILS,2,0.76,0,0
21722.08,WALLET,BANK_ERROR,1,0.96,0,1
99334.76,WALLET,LIMIT_EXCEEDED,2,0.88,0,0
39198.89,WALLET,INVALID_DETAILS,2,0.35,1,0
85045.59,NET_BANKING,INVALID_DETAILS,1,0.36,0,0
89517.59,CARD,TIMEOUT,0,0.3,0,0
97932.9,NET_BANKING,UNKNOWN,1,0.49,0,0
62190.28,CARD,LIMIT_EXCEEDED,1,0.5,0,1
1516.78,UPI,INVALID_DETAILS,3,0.71,0,0
23249.0,CARD,INSUFFICIENT_FUNDS,2,0.92,0,1
80850.5,WALLET,INVALID_DETAILS,2,0.57,0,0
61639.22,NET_BANKING,BANK_ERROR,2,0.67,0,1
12289.91,NET_BANKING,TIMEOUT,3,0.48,0,0
58728.18,WALLET,UNKNOWN,0,0.52,0,1
76609.38,UPI,BANK_ERROR,4,0.82,0,1
10298.82,CARD,LIMIT_EXCEEDED,2,0.82,0,1
26329.93,WALLET,UNKNOWN,0,0.82,1,1
38643.56,CARD,NETWORK_ERROR,2,0.6,0,1
46526.31,CARD,INSUFFICIENT_FUNDS,2,0.34,0,0
82777.55,WALLET,INSUFFICIENT_FUNDS,2,0.56,0,0
99493.34,CARD,TIMEOUT,0,0.45,0,0
53242.59,CARD,TIMEOUT,2,0.86,0,1
46172.37,CARD,TIMEOUT,0,0.41,0,0
39745.51,WALLET,BANK_ERROR,3,0.43,1,0
45145.14,WALLET,NETWORK_ERROR,1,0.31,0,1
94586.74,CARD,NETWORK_ERROR,1,0.79,0,0
36134.39,CARD,BANK_ERROR,4,0.59,1,0
40940.48,UPI,UNKNOWN,2,0.65,1,0
23758.72,UPI,INVALID_DETAILS,2,0.83,0,0
3027.24,CARD,TIMEOUT,1,0.69,0,1
85448.56,WALLET,NETWORK_ERROR,0,0.51,0,1
47632.15,WALLET,TIMEOUT,2,0.53,0,1
70594.14,UPI,BANK_ERROR,4,0.48,0,0
75083.13,CARD,TIMEOUT,1,0.42,0,0
48473.46,UPI,UNKNOWN,0,0.87,0,1
60871.35,WALLET,INSUFFICIENT_FUNDS,3,0.41,0,0
37508.92,NET_BANKING,NETWORK_ERROR,4,0.57,1,0
94029.7,WALLET,LIMIT_EXCEEDED,0,0.44,0,0
74814.3,UPI,INSUFFICIENT_FUNDS,2,0.43,0,0
6524.73,UPI,UNKNOWN,0,0.61,0,0
8498.31,CARD,TIMEOUT,0,0.9,0,1
20229.31,CARD,TIMEOUT,3,0.42,0,0
11756.68,WALLET,BANK_ERROR,4,0.49,0,1
55743.1,CARD,LIMIT_EXCEEDED,0,0.8,0,1
35304.51,NET_BANKING,INSUFFICIENT_FUNDS,4,0.45,1,0
16221.37,WALLET,BANK_ERROR,4,0.89,0,1
39067.86,NET_BANKING,INVALID_DETAILS,0,0.5,1,1
83129.29,WALLET,TIMEOUT,3,0.74,0,1
64629.87,NET_BANKING,BANK_ERROR,4,0.63,1,0
2827.79,UPI,LIMIT_EXCEEDED,4,0.6,0,0
36657.1,WALLET,UNKNOWN,0,0.42,1,0
10776.63,CARD,LIMIT_EXCEEDED,0,0.41,0,0
94477.4,CARD,LIMIT_EXCEEDED,0,0.49,1,1
22904.47,CARD,NETWORK_ERROR,1,0.47,0,1
36073.33,UPI,BANK_ERROR,2,0.92,0,0
11795.45,CARD,NETWORK_ERROR,2,0.52,0,0
50677.22,NET_BANKING,INVALID_DETAILS,1,0.72,0,1
85055.29,WALLET,BANK_ERROR,4,0.59,0,1
56650.9,CARD,INSUFFICIENT_FUNDS,1,0.87,0,1
88030.53,UPI,TIMEOUT,2,0.81,0,0
60313.78,CARD,INSUFFICIENT_FUNDS,0,0.4,0,1
46248.68,NET_BANKING,NETWORK_ERROR,1,0.34,0,0
86762.94,UPI,LIMIT_EXCEEDED,1,0.91,0,0
58802.71,CARD,TIMEOUT,3,0.35,0,0
72393.44,CARD,TIMEOUT,2,0.62,0,0
91822.05,NET_BANKING,TIMEOUT,0,0.91,0,0
42859.48,WALLET,UNKNOWN,1,0.32,1,0
87996.27,NET_BANKING,NETWORK_ERROR,1,0.48,0,1
35706.37,CARD,UNKNOWN,2,0.54,0,1
77303.36,UPI,LIMIT_EXCEEDED,0,0.5,0,0
91773.88,WALLET,INVALID_DETAILS,1,0.48,1,0
74254.28,CARD,BANK_ERROR,0,0.64,0,1
79890.55,NET_BANKING,INVALID_DETAILS,4,0.84,1,0
1238.65,WALLET,TIMEOUT,0,0.59,0,1
21292.48,CARD,UNKNOWN,1,0.7,1,1
87324.4,UPI,BANK_ERROR,2,0.62,1,0
27856.24,NET_BANKING,INVALID_DETAILS,4,0.83,0,0
83039.46,CARD,UNKNOWN,2,0.78,0,0
2289.95,NET_BANKING,TIMEOUT,3,0.39,1,0
92435.79,NET_BANKING,INVALID_DETAILS,2,0.35,1,0
17675.04,NET_BANKING,INSUFFICIENT_FUNDS,0,0.66,0,0
63745.14,CARD,UNKNOWN,2,0.6,1,0
25569.23,CARD,INVALID_DETAILS,0,0.36,0,1
27715.93,NET_BANKING,LIMIT_EXCEEDED,4,0.42,0,0
65684.86,WALLET,BANK_ERROR,3,0.33,0,0
83188.89,NET_BANKING,UNKNOWN,0,0.95,0,1
47982.8,NET_BANKING,INVALID_DETAILS,0,0.31,0,1
76145.69,CARD,BANK_ERROR,2,0.82,1,1
30138.92,WALLET,INSUFFICIENT_FUNDS,0,0.95,0,1
5154.3,UPI,LIMIT_EXCEEDED,1,0.61,0,1
11534.28,WALLET,UNKNOWN,0,0.62,0,1
22229.67,NET_BANKING,INSUFFICIENT_FUNDS,0,0.69,0,1
42654.1,WALLET,UNKNOWN,3,0.75,0,1
86800.99,CARD,UNKNOWN,3,0.38,1,0
96517.26,NET_BANKING,BANK_ERROR,1,0.79,0,0
29126.69,CARD,TIMEOUT,1,0.62,0,1
42312.21,UPI,TIMEOUT,1,0.84,1,0
4977.79,NET_BANKING,TIMEOUT,0,0.62,0,1
2467.4,UPI,UNKNOWN,3,0.72,1,0
18683.84,CARD,NETWORK_ERROR,4,0.45,0,0
76973.95,CARD,BANK_ERROR,2,0.53,0,0
39177.76,NET_BANKING,TIMEOUT,4,0.82,0,0
77384.73,NET_BANKING,INVALID_DETAILS,1,0.56,0,0
28446.96,WALLET,BANK_ERROR,1,0.65,0,1
95749.2,NET_BANKING,BANK_ERROR,4,0.89,0,0
17850.92,WALLET,INVALID_DETAILS,2,0.46,1,0
3733.89,CARD,TIMEOUT,4,0.35,0,0
64930.57,WALLET,INVALID_DETAILS,0,0.5,0,0
26561.44,CARD,TIMEOUT,0,0.57,0,0
84402.51,NET_BANKING,TIMEOUT,2,0.91,0,0
75624.33,WALLET,LIMIT_EXCEEDED,0,0.55,0,1
37590.32,UPI,INSUFFICIENT_FUNDS,1,0.61,0,1
77818.56,NET_BANKING,NETWORK_ERROR,0,0.77,1,1
24000.7,WALLET,UNKNOWN,3,0.32,0,0
27067.4,WALLET,LIMIT_EXCEEDED,4,0.47,0,0
66754.25,UPI,UNKNOWN,3,0.62,0,1
73622.11,WALLET,TIMEOUT,3,0.92,0,0
77224.19,WALLET,LIMIT_EXCEEDED,4,0.59,0,0
59980.57,UPI,TIMEOUT,3,0.81,1,0
81414.04,WALLET,TIMEOUT,0,0.8,0,1
84891.97,NET_BANKING,LIMIT_EXCEEDED,1,0.39,0,1
64967.21,WALLET,UNKNOWN,0,0.67,0,1
41009.93,CARD,BANK_ERROR,0,0.82,0,1
96234.65,UPI,TIMEOUT,1,0.94,1,0
51142.53,UPI,INVALID_DETAILS,4,0.86,0,0
42158.62,NET_BANKING,UNKNOWN,1,0.83,0,1
91484.8,UPI,LIMIT_EXCEEDED,3,0.86,0,1
58937.57,CARD,INSUFFICIENT_FUNDS,1,0.79,1,0
23824.54,UPI,INVALID_DETAILS,1,0.95,0,0
69386.73,UPI,NETWORK_ERROR,2,0.83,1,0
99391.45,CARD,INSUFFICIENT_FUNDS,4,0.53,1,1
26217.12,CARD,NETWORK_ERROR,1,0.68,1,1
78741.79,UPI,INVALID_DETAILS,1,0.83,0,0
41721.39,UPI,TIMEOUT,3,0.95,0,0
34702.11,UPI,INSUFFICIENT_FUNDS,3,0.74,0,0
72409.95,CARD,UNKNOWN,4,0.36,0,0
5114.94,WALLET,INSUFFICIENT_FUNDS,4,0.96,0,1
88043.63,CARD,INSUFFICIENT_FUNDS,4,0.73,0,0
96113.51,UPI,TIMEOUT,1,0.57,1,0
55251.64,NET_BANKING,UNKNOWN,2,0.87,0,1
85140.57,WALLET,BANK_ERROR,4,0.65,1,0
18793.15,WALLET,INVALID_DETAILS,2,0.36,0,0
59437.46,UPI,INVALID_DETAILS,4,0.9,0,1
47488.66,WALLET,BANK_ERROR,0,0.68,1,1
62677.59,WALLET,INSUFFICIENT_FUNDS,1,0.98,0,0
26823.98,NET_BANKING,BANK_ERROR,2,0.85,0,1
25681.64,WALLET,INSUFFICIENT_FUNDS,0,0.42,0,0
14689.12,CARD,INVALID_DETAILS,2,0.45,1,0
92640.34,CARD,TIMEOUT,2,0.47,0,1
45409.24,UPI,BANK_ERROR,4,0.56,0,0
29717.58,WALLET,NETWORK_ERROR,1,0.87,0,1
69990.92,WALLET,NETWORK_ERROR,4,0.81,1,0
77999.0,NET_BANKING,INVALID_DETAILS,0,0.96,0,1
87779.52,CARD,INSUFFICIENT_FUNDS,2,0.89,1,0
52018.19,NET_BANKING,INVALID_DETAILS,3,0.58,0,0
4324.82,WALLET,UNKNOWN,3,0.71,1,0
58738.06,CARD,NETWORK_ERROR,4,0.51,0,0
66824.42,CARD,BANK_ERROR,0,0.95,0,1
16995.66,WALLET,LIMIT_EXCEEDED,4,0.39,0,0
45643.64,WALLET,BANK_ERROR,1,0.91,0,1
89023.91,CARD,LIMIT_EXCEEDED,4,0.84,1,0
55508.18,WALLET,UNKNOWN,3,0.68,0,0
19135.46,WALLET,INSUFFICIENT_FUNDS,2,0.38,0,1
94778.95,NET_BANKING,LIMIT_EXCEEDED,1,0.37,0,0
97616.8,UPI,BANK_ERROR,1,0.57,0,1
30100.34,WALLET,TIMEOUT,1,0.87,0,1
65380.29,CARD,UNKNOWN,0,0.89,1,1
2159.93,WALLET,NETWORK_ERROR,1,0.91,1,1
61483.31,WALLET,INVALID_DETAILS,2,0.87,0,0
66879.37,CARD,NETWORK_ERROR,0,0.52,0,1
34014.94,CARD,INSUFFICIENT_FUNDS,4,0.93,0,0
10679.34,NET_BANKING,LIMIT_EXCEEDED,4,0.57,1,0
54747.3,UPI,INVALID_DETAILS,2,0.57,0,1
66058.73,CARD,INVALID_DETAILS,0,0.61,0,0
43346.04,NET_BANKING,TIMEOUT,1,0.82,0,1
25166.93,NET_BANKING,TIMEOUT,2,0.38,0,0
65836.52,WALLET,INVALID_DETAILS,4,0.51,0,0
49274.1,CARD,INVALID_DETAILS,1,0.35,0,0
75878.15,CARD,INSUFFICIENT_FUNDS,1,0.77,1,0
72362.23,CARD,LIMIT_EXCEEDED,3,0.43,0,0
18792.92,NET_BANKING,UNKNOWN,2,0.49,0,0
78083.21,WALLET,TIMEOUT,0,0.6,1,1
22936.52,UPI,INSUFFICIENT_FUNDS,3,0.58,0,0
78749.55,UPI,INVALID_DETAILS,4,0.88,0,0
96120.85,CARD,UNKNOWN,4,0.7,0,0
97174.25,UPI,LIMIT_EXCEEDED,0,0.68,0,1
54688.6,UPI,INVALID_DETAILS,0,0.52,0,0
62105.88,NET_BANKING,BANK_ERROR,4,0.75,0,0
47543.09,UPI,NETWORK_ERROR,0,0.7,0,1
31519.94,NET_BANKING,INSUFFICIENT_FUNDS,1,0.71,1,1
54192.95,CARD,LIMIT_EXCEEDED,3,0.57,0,0
4470.61,NET_BANKING,UNKNOWN,4,0.68,0,0
2593.65,WALLET,LIMIT_EXCEEDED,4,0.31,0,0
34125.64,WALLET,NETWORK_ERROR,3,0.78,0,0
34583.31,WALLET,BANK_ERROR,1,0.34,0,0
26732.89,UPI,LIMIT_EXCEEDED,4,0.91,0,0
96512.98,WALLET,INSUFFICIENT_FUNDS,4,0.41,0,0
54314.71,NET_BANKING,UNKNOWN,1,0.35,0,0
81170.31,WALLET,INSUFFICIENT_FUNDS,0,0.53,0,0
34619.57,WALLET,BANK_ERROR,1,0.75,0,1
29879.23,WALLET,UNKNOWN,1,0.4,0,0
67973.0,WALLET,TIMEOUT,2,0.55,0,0
95878.71,UPI,UNKNOWN,4,0.76,0,0
8452.86,UPI,NETWORK_ERROR,3,0.81,1,0
57869.62,WALLET,UNKNOWN,3,0.85,0,0
25195.62,WALLET,INSUFFICIENT_FUNDS,2,0.46,0,0
74116.38,NET_BANKING,INSUFFICIENT_FUNDS,1,0.55,1,1
90731.53,WALLET,INSUFFICIENT_FUNDS,2,0.93,0,1
39883.07,WALLET,UNKNOWN,0,0.55,0,0
9229.14,WALLET,NETWORK_ERROR,0,0.72,1,0
58870.85,UPI,BANK_ERROR,0,0.85,0,1
13957.93,NET_BANKING,NETWORK_ERROR,1,0.77,0,1
69763.32,NET_BANKING,BANK_ERROR,0,0.69,0,1
62516.46,WALLET,INSUFFICIENT_FUNDS,1,0.89,0,0
49553.17,NET_BANKING,INVALID_DETAILS,2,0.48,0,0
14137.69,NET_BANKING,NETWORK_ERROR,4,0.95,0,0
22900.34,UPI,INSUFFICIENT_FUNDS,4,0.31,1,0
39234.32,NET_BANKING,LIMIT_EXCEEDED,1,0.49,0,0
40911.37,CARD,LIMIT_EXCEEDED,2,0.4,0,1
70091.43,WALLET,INSUFFICIENT_FUNDS,1,0.96,0,1
14384.21,WALLET,INSUFFICIENT_FUNDS,3,0.31,0,1
42449.14,WALLET,INSUFFICIENT_FUNDS,1,0.43,0,0
7565.12,CARD,INVALID_DETAILS,0,0.35,0,0
9471.53,WALLET,UNKNOWN,0,0.51,0,1
6652.92,CARD,BANK_ERROR,2,0.51,0,1
44512.59,NET_BANKING,INSUFFICIENT_FUNDS,3,0.96,0,0
32327.46,WALLET,LIMIT_EXCEEDED,0,0.52,0,0
8455.22,WALLET,TIMEOUT,2,0.88,0,1
39140.15,UPI,LIMIT_EXCEEDED,1,0.43,0,0
62906.53,WALLET,TIMEOUT,4,0.95,0,1
18980.67,CARD,INVALID_DETAILS,3,0.88,0,0
1094.93,UPI,LIMIT_EXCEEDED,1,0.41,1,0
22092.88,CARD,INVALID_DETAILS,4,0.78,0,1
56769.48,WALLET,NETWORK_ERROR,2,0.33,1,0
76427.11,WALLET,UNKNOWN,3,0.56,1,0
44209.96,CARD,LIMIT_EXCEEDED,1,0.45,1,0
5150.04,CARD,INVALID_DETAILS,1,0.31,0,0
6993.24,CARD,BANK_ERROR,1,0.65,0,0
49717.08,UPI,LIMIT_EXCEEDED,4,0.66,1,0
33474.24,NET_BANKING,UNKNOWN,0,0.52,0,1
39205.9,WALLET,NETWORK_ERROR,3,0.69,1,1
95960.13,UPI,INSUFFICIENT_FUNDS,0,0.79,0,0
21737.69,CARD,BANK_ERROR,3,0.98,0,1
47010.22,CARD,BANK_ERROR,0,0.58,1,1
40143.36,NET_BANKING,INVALID_DETAILS,3,0.32,0,0
5709.81,WALLET,UNKNOWN,0,0.53,0,0
30771.43,NET_BANKING,INSUFFICIENT_FUNDS,0,0.74,0,1
49857.87,UPI,INVALID_DETAILS,3,0.62,0,0
42314.68,NET_BANKING,LIMIT_EXCEEDED,0,0.87,0,1
4480.98,WALLET,BANK_ERROR,4,0.75,0,0
94411.76,NET_BANKING,TIMEOUT,0,0.49,0,0
64746.04,CARD,INSUFFICIENT_FUNDS,4,0.93,1,0
48698.32,NET_BANKING,UNKNOWN,4,0.84,0,0
43011.31,NET_BANKING,UNKNOWN,2,0.31,0,0
21149.95,WALLET,UNKNOWN,3,0.5,0,0
59252.52,WALLET,INSUFFICIENT_FUNDS,1,0.37,1,0
53599.91,UPI,INVALID_DETAILS,0,0.52,0,0
25522.04,UPI,INVALID_DETAILS,0,0.42,0,0
91961.02,CARD,BANK_ERROR,1,0.86,1,1
50021.92,CARD,UNKNOWN,1,0.53,0,0
6889.29,CARD,BANK_ERROR,1,0.61,1,1
65897.82,NET_BANKING,INSUFFICIENT_FUNDS,3,0.66,0,0
20392.89,NET_BANKING,LIMIT_EXCEEDED,2,0.57,0,0
53879.78,NET_BANKING,TIMEOUT,0,0.81,0,0
62541.45,WALLET,BANK_ERROR,4,0.46,0,0
44755.02,CARD,TIMEOUT,0,0.33,1,0
42009.49,WALLET,TIMEOUT,1,0.31,0,0
73379.26,WALLET,NETWORK_ERROR,2,0.64,1,0
75284.98,NET_BANKING,TIMEOUT,2,0.37,0,0
1069.23,UPI,TIMEOUT,4,0.6,1,0
53329.97,CARD,NETWORK_ERROR,0,0.54,0,1
11097.88,CARD,NETWORK_ERROR,2,0.48,1,0
29962.56,CARD,UNKNOWN,1,0.44,0,0
2190.36,CARD,UNKNOWN,2,0.86,0,1
95853.98,WALLET,BANK_ERROR,0,0.9,0,1
91672.54,WALLET,INSUFFICIENT_FUNDS,1,0.33,0,0
73720.51,CARD,INSUFFICIENT_FUNDS,4,0.83,0,1
66963.36,UPI,LIMIT_EXCEEDED,3,0.73,1,0
84541.06,WALLET,BANK_ERROR,2,0.53,0,1
36576.57,NET_BANKING,LIMIT_EXCEEDED,0,0.5,0,1
77122.36,WALLET,NETWORK_ERROR,4,0.96,0,0
64096.25,CARD,LIMIT_EXCEEDED,2,0.76,0,0
55076.43,CARD,INVALID_DETAILS,3,0.3,1,0
87255.34,UPI,UNKNOWN,1,0.96,0,0
76389.28,NET_BANKING,LIMIT_EXCEEDED,2,0.72,0,0
15779.7,CARD,INSUFFICIENT_FUNDS,4,0.81,0,0
46297.45,NET_BANKING,INSUFFICIENT_FUNDS,2,0.35,0,0
68830.22,CARD,BANK_ERROR,0,0.64,0,1
64318.09,WALLET,INVALID_DETAILS,4,0.85,0,0
24846.91,CARD,BANK_ERROR,3,0.32,0,0
62459.7,NET_BANKING,BANK_ERROR,3,0.59,0,0
10316.37,WALLET,BANK_ERROR,0,0.56,0,1
96677.34,UPI,NETWORK_ERROR,0,0.97,1,0
9487.65,CARD,NETWORK_ERROR,1,0.9,0,1
41724.79,UPI,TIMEOUT,1,0.46,0,1
47638.84,WALLET,LIMIT_EXCEEDED,4,0.94,0,0
23185.9,UPI,INSUFFICIENT_FUNDS,3,0.52,0,0
62954.89,WALLET,INSUFFICIENT_FUNDS,4,0.49,0,0
70475.06,UPI,INVALID_DETAILS,3,0.59,0,0
8200.7,UPI,UNKNOWN,3,0.81,0,0
6947.8,WALLET,LIMIT_EXCEEDED,0,0.68,0,0
76329.51,WALLET,BANK_ERROR,3,0.86,0,0
44607.74,CARD,LIMIT_EXCEEDED,0,0.89,0,1
15518.3,WALLET,INVALID_DETAILS,0,0.42,1,0
73953.66,UPI,BANK_ERROR,4,0.74,1,0
65738.49,UPI,LIMIT_EXCEEDED,1,0.85,0,0
91583.13,WALLET,INVALID_DETAILS,4,0.32,0,0
22334.88,CARD,LIMIT_EXCEEDED,4,0.4,1,0
27852.65,WALLET,INVALID_DETAILS,2,0.71,0,1
31960.19,WALLET,TIMEOUT,2,0.61,1,0
73095.77,CARD,BANK_ERROR,2,0.54,0,0
23994.5,UPI,UNKNOWN,1,0.87,0,1
63396.5,NET_BANKING,TIMEOUT,0,0.54,0,0
67712.44,CARD,LIMIT_EXCEEDED,2,0.78,0,0
98194.63,CARD,INSUFFICIENT_FUNDS,0,0.51,0,0
65314.37,UPI,UNKNOWN,1,0.94,0,1
53807.54,WALLET,INSUFFICIENT_FUNDS,2,0.73,0,0
60373.18,UPI,LIMIT_EXCEEDED,3,0.9,0,0
87434.18,CARD,BANK_ERROR,2,0.85,0,0
26708.76,WALLET,LIMIT_EXCEEDED,2,0.32,0,0
85694.37,NET_BANKING,UNKNOWN,0,0.35,0,0
48236.7,WALLET,LIMIT_EXCEEDED,1,0.89,0,1
45574.1,CARD,LIMIT_EXCEEDED,1,0.75,0,0
56176.25,CARD,INVALID_DETAILS,0,0.39,0,0
70669.47,NET_BANKING,INVALID_DETAILS,1,0.98,0,1
37903.57,NET_BANKING,INSUFFICIENT_FUNDS,4,0.54,0,0
79811.15,UPI,TIMEOUT,1,0.5,0,0
39183.23,UPI,NETWORK_ERROR,4,0.54,0,0
48962.09,UPI,TIMEOUT,0,0.6,0,1
16975.69,UPI,TIMEOUT,4,0.68,0,1
78879.7,NET_BANKING,UNKNOWN,2,0.75,0,1
59284.47,CARD,INVALID_DETAILS,3,0.85,0,0
59353.39,CARD,LIMIT_EXCEEDED,3,0.5,0,0
3352.84,CARD,TIMEOUT,2,0.96,0,0
38754.85,CARD,INSUFFICIENT_FUNDS,4,0.91,0,0
60178.43,WALLET,TIMEOUT,3,0.6,0,0
74787.25,CARD,NETWORK_ERROR,1,0.85,0,0
13236.59,CARD,NETWORK_ERROR,4,0.7,0,0
72657.2,WALLET,LIMIT_EXCEEDED,1,0.91,0,0
9831.84,WALLET,LIMIT_EXCEEDED,0,0.52,0,0
27797.61,UPI,LIMIT_EXCEEDED,1,0.44,0,0
39847.56,NET_BANKING,TIMEOUT,2,0.4,0,1
38681.14,WALLET,UNKNOWN,1,0.56,0,0
35992.07,WALLET,LIMIT_EXCEEDED,2,0.54,0,0
44147.83,NET_BANKING,UNKNOWN,0,0.5,0,0
96890.25,NET_BANKING,INSUFFICIENT_FUNDS,1,0.81,0,0
97887.59,NET_BANKING,UNKNOWN,2,0.93,0,1
14497.84,CARD,LIMIT_EXCEEDED,0,0.5,0,1
92552.57,NET_BANKING,TIMEOUT,0,0.55,0,0
15307.28,UPI,INSUFFICIENT_FUNDS,2,0.77,1,0
59169.72,NET_BANKING,BANK_ERROR,0,0.39,0,0
28898.78,WALLET,TIMEOUT,3,0.59,1,0
80536.92,UPI,INSUFFICIENT_FUNDS,0,0.79,1,1
31545.97,UPI,NETWORK_ERROR,0,0.94,0,1
41549.0,UPI,UNKNOWN,0,0.63,1,0
5011.06,WALLET,INVALID_DETAILS,4,0.52,0,0
83975.48,WALLET,INVALID_DETAILS,4,0.74,0,0
58029.51,CARD,BANK_ERROR,0,0.55,0,0
1717.62,UPI,INSUFFICIENT_FUNDS,1,0.43,0,1
33856.44,NET_BANKING,INVALID_DETAILS,0,0.76,0,0
10035.84,CARD,INSUFFICIENT_FUNDS,3,0.58,0,1
32315.97,CARD,INSUFFICIENT_FUNDS,0,0.97,0,1
84956.05,CARD,BANK_ERROR,1,0.88,0,0
23594.66,CARD,BANK_ERROR,1,0.33,0,1
96107.59,UPI,UNKNOWN,0,0.38,0,0
22750.9,UPI,BANK_ERROR,1,0.74,0,1
97299.32,CARD,BANK_ERROR,1,0.8,0,0
68087.85,NET_BANKING,BANK_ERROR,1,0.51,1,0
30145.93,WALLET,TIMEOUT,0,0.42,1,0
27128.46,UPI,INVALID_DETAILS,4,0.95,0,0
67167.09,CARD,NETWORK_ERROR,4,0.67,0,0
23589.31,WALLET,UNKNOWN,0,0.53,0,0
40726.28,NET_BANKING,LIMIT_EXCEEDED,0,0.48,0,1
25005.68,UPI,LIMIT_EXCEEDED,3,0.58,0,0
37262.65,CARD,TIMEOUT,4,0.77,0,0
99246.72,NET_BANKING,UNKNOWN,3,0.6,0,0
56338.71,WALLET,BANK_ERROR,4,0.67,0,1
20653.52,WALLET,TIMEOUT,4,0.4,0,1
64274.89,WALLET,BANK_ERROR,4,0.93,0,0
29018.61,NET_BANKING,LIMIT_EXCEEDED,3,0.47,1,0
39632.99,CARD,NETWORK_ERROR,4,0.62,0,0
76012.24,UPI,TIMEOUT,0,0.54,0,1
10599.86,CARD,INVALID_DETAILS,3,0.36,0,0
47661.39,WALLET,INSUFFICIENT_FUNDS,3,0.77,0,1
61547.69,WALLET,LIMIT_EXCEEDED,0,0.68,0,1
21196.64,CARD,INSUFFICIENT_FUNDS,2,0.57,0,1
77439.46,WALLET,BANK_ERROR,2,0.74,0,0
63467.05,WALLET,UNKNOWN,2,0.53,0,0
59985.87,WALLET,BANK_ERROR,4,0.89,1,0
21915.54,NET_BANKING,LIMIT_EXCEEDED,0,0.98,0,1
91148.8,NET_BANKING,LIMIT_EXCEEDED,3,0.36,0,0
41463.54,CARD,BANK_ERROR,2,0.45,0,0
11189.9,NET_BANKING,UNKNOWN,4,0.32,0,0
60362.38,UPI,UNKNOWN,0,0.43,0,1
47885.69,WALLET,UNKNOWN,3,0.75,0,1
79559.31,NET_BANKING,INSUFFICIENT_FUNDS,4,0.67,0,1
7580.3,WALLET,TIMEOUT,4,0.45,0,0
9568.52,WALLET,INSUFFICIENT_FUNDS,2,0.69,1,1
2979.07,NET_BANKING,INVALID_DETAILS,1,0.91,0,0
88229.17,WALLET,INSUFFICIENT_FUNDS,3,0.92,0,1
62274.02,UPI,BANK_ERROR,2,0.4,0,0
93486.23,NET_BANKING,LIMIT_EXCEEDED,2,0.9,0,1
42833.98,WALLET,LIMIT_EXCEEDED,0,0.63,1,0
38524.68,UPI,NETWORK_ERROR,3,0.37,0,1
87752.05,UPI,LIMIT_EXCEEDED,2,0.93,0,1
46661.08,UPI,BANK_ERROR,4,0.68,0,1
84118.08,WALLET,UNKNOWN,2,0.52,0,1
92978.9,CARD,TIMEOUT,3,0.88,0,1
43155.98,UPI,BANK_ERROR,4,0.84,0,0
30515.71,UPI,INVALID_DETAILS,3,0.38,1,0
64320.84,UPI,NETWORK_ERROR,2,0.9,0,1
33883.79,NET_BANKING,INSUFFICIENT_FUNDS,3,0.71,0,1
7109.72,NET_BANKING,UNKNOWN,2,0.53,0,0
74089.57,UPI,INSUFFICIENT_FUNDS,1,0.73,0,0
93456.6,WALLET,LIMIT_EXCEEDED,4,0.71,1,0
91027.28,WALLET,TIMEOUT,4,0.49,1,0
98125.58,UPI,NETWORK_ERROR,0,0.7,0,1
66509.1,WALLET,BANK_ERROR,2,0.55,1,1
99057.04,WALLET,INVALID_DETAILS,0,0.61,0,0
36481.72,NET_BANKING,INSUFFICIENT_FUNDS,2,0.56,0,0
8758.81,NET_BANKING,INSUFFICIENT_FUNDS,1,0.3,0,0
42387.44,CARD,NETWORK_ERROR,0,0.84,1,0
87756.4,UPI,INVALID_DETAILS,3,0.58,1,0
97213.59,UPI,TIMEOUT,1,0.66,0,1
50399.47,UPI,INSUFFICIENT_FUNDS,2,0.89,0,1
15234.28,CARD,LIMIT_EXCEEDED,1,0.49,1,0
15976.69,CARD,NETWORK_ERROR,4,0.7,0,0
4381.87,NET_BANKING,TIMEOUT,4,0.85,0,0
70600.84,CARD,NETWORK_ERROR,0,0.86,0,0
94396.07,CARD,BANK_ERROR,4,0.7,0,0
12207.19,NET_BANKING,TIMEOUT,4,0.97,1,0
3406.46,UPI,UNKNOWN,0,0.32,0,1
86738.83,NET_BANKING,BANK_ERROR,2,0.35,0,1
76330.19,UPI,INVALID_DETAILS,2,0.5,1,0
73410.01,CARD,LIMIT_EXCEEDED,0,0.42,1,0
22715.63,WALLET,BANK_ERROR,2,0.64,1,0
67532.01,CARD,TIMEOUT,4,0.7,0,1
82478.79,WALLET,NETWORK_ERROR,1,0.86,0,1
81524.96,NET_BANKING,NETWORK_ERROR,3,0.83,1,0
2575.16,NET_BANKING,BANK_ERROR,4,0.91,0,0
43277.58,UPI,INVALID_DETAILS,2,0.54,0,0
43200.51,WALLET,INSUFFICIENT_FUNDS,0,0.56,0,1
75736.53,NET_BANKING,TIMEOUT,0,0.36,0,0
92681.13,WALLET,INVALID_DETAILS,4,0.35,1,0
36092.58,UPI,LIMIT_EXCEEDED,2,0.43,0,1
61480.53,WALLET,NETWORK_ERROR,2,0.5,0,1
80369.38,UPI,LIMIT_EXCEEDED,2,0.76,0,0
17823.84,NET_BANKING,LIMIT_EXCEEDED,0,0.82,0,0
31127.51,NET_BANKING,NETWORK_ERROR,1,0.94,0,1
34134.64,WALLET,NETWORK_ERROR,4,0.93,0,0
80994.78,UPI,BANK_ERROR,2,0.41,0,0
21683.04,CARD,LIMIT_EXCEEDED,2,0.76,0,0
84908.19,NET_BANKING,INVALID_DETAILS,4,0.93,0,0
28313.65,CARD,LIMIT_EXCEEDED,3,0.57,1,0
10371.27,NET_BANKING,BANK_ERROR,4,0.39,0,1
46669.07,CARD,INSUFFICIENT_FUNDS,2,0.77,1,0
60610.3,WALLET,UNKNOWN,0,0.57,0,0
97132.06,UPI,UNKNOWN,1,0.7,1,0
93793.3,NET_BANKING,INSUFFICIENT_FUNDS,1,0.4,0,0
11071.17,CARD,INVALID_DETAILS,1,0.44,1,0
8932.89,UPI,INSUFFICIENT_FUNDS,0,0.74,0,1
43313.55,WALLET,BANK_ERROR,1,0.87,0,1
70151.38,UPI,LIMIT_EXCEEDED,2,0.54,1,0
58147.03,CARD,BANK_ERROR,0,0.49,0,0
14103.28,CARD,INSUFFICIENT_FUNDS,3,0.74,0,0
76953.76,NET_BANKING,NETWORK_ERROR,3,0.5,0,0
78345.95,UPI,LIMIT_EXCEEDED,2,0.94,0,0
91287.58,UPI,INVALID_DETAILS,3,0.96,0,0
34328.14,NET_BANKING,BANK_ERROR,3,0.74,0,1
57762.11,UPI,UNKNOWN,2,0.62,0,1
72275.44,UPI,BANK_ERROR,1,0.47,0,0
68135.39,WALLET,INSUFFICIENT_FUNDS,3,0.73,0,1
24984.41,CARD,BANK_ERROR,3,0.38,0,1
14236.92,NET_BANKING,INVALID_DETAILS,4,0.55,0,0
28963.67,CARD,LIMIT_EXCEEDED,2,0.43,0,0
45628.81,NET_BANKING,UNKNOWN,1,0.69,1,0
87433.3,UPI,BANK_ERROR,1,0.48,0,0
85219.94,WALLET,LIMIT_EXCEEDED,1,0.39,0,0
26156.54,WALLET,INVALID_DETAILS,4,0.44,0,0
88297.27,NET_BANKING,BANK_ERROR,4,0.39,0,0
87144.42,WALLET,UNKNOWN,2,0.41,0,0
44789.09,CARD,UNKNOWN,2,0.34,0,0
31934.31,NET_BANKING,BANK_ERROR,1,0.63,0,1
75261.41,WALLET,TIMEOUT,2,0.66,1,0
16886.33,NET_BANKING,INVALID_DETAILS,2,0.86,0,0
31832.69,WALLET,LIMIT_EXCEEDED,1,0.96,0,0
33713.38,UPI,BANK_ERROR,0,0.89,0,0
71240.71,CARD,LIMIT_EXCEEDED,1,0.8,0,0
21943.33,NET_BANKING,UNKNOWN,1,0.35,1,0
78366.77,NET_BANKING,INSUFFICIENT_FUNDS,1,0.4,0,0
55235.33,UPI,NETWORK_ERROR,2,0.96,1,0
37671.24,NET_BANKING,INVALID_DETAILS,0,0.61,0,0
13828.46,NET_BANKING,TIMEOUT,4,0.76,0,1
64688.21,CARD,INVALID_DETAILS,0,0.93,0,0
39773.4,WALLET,UNKNOWN,3,0.31,0,0
14492.16,WALLET,BANK_ERROR,0,0.38,0,0
3193.13,UPI,INVALID_DETAILS,4,0.5,0,0
77436.87,CARD,BANK_ERROR,1,0.59,0,1
94726.16,CARD,INVALID_DETAILS,4,0.71,0,0
69882.53,WALLET,INSUFFICIENT_FUNDS,2,0.74,0,1
43769.16,CARD,INSUFFICIENT_FUNDS,4,0.97,0,0
5673.86,CARD,BANK_ERROR,2,0.72,0,0
37732.94,UPI,INSUFFICIENT_FUNDS,0,0.91,0,1
78814.77,UPI,LIMIT_EXCEEDED,0,0.45,1,0
75854.55,UPI,NETWORK_ERROR,2,0.73,0,1
6855.5,WALLET,TIMEOUT,4,0.53,0,1
63613.39,UPI,NETWORK_ERROR,4,0.74,0,0
50815.74,CARD,INSUFFICIENT_FUNDS,4,0.73,0,0
32117.24,NET_BANKING,TIMEOUT,0,0.63,0,1
96225.63,UPI,BANK_ERROR,3,0.84,0,0
69544.53,CARD,TIMEOUT,0,0.6,0,0
42717.18,WALLET,INSUFFICIENT_FUNDS,0,0.69,0,1
35946.66,CARD,INVALID_DETAILS,1,0.41,0,1
32424.33,UPI,NETWORK_ERROR,4,0.44,0,0
7163.9,NET_BANKING,TIMEOUT,2,0.6,0,1
95209.6,CARD,LIMIT_EXCEEDED,4,0.82,1,0
40317.88,CARD,INSUFFICIENT_FUNDS,3,0.92,0,1
68291.29,NET_BANKING,TIMEOUT,3,0.67,1,1
87559.73,CARD,INSUFFICIENT_FUNDS,1,0.84,0,0
46471.58,WALLET,UNKNOWN,3,0.59,1,0
32007.25,NET_BANKING,UNKNOWN,0,0.41,0,1
30332.51,UPI,BANK_ERROR,0,0.85,0,0
1261.58,WALLET,BANK_ERROR,0,0.73,0,1
17108.26,WALLET,UNKNOWN,3,0.62,0,0
29602.7,NET_BANKING,BANK_ERROR,3,0.74,0,0
6617.11,WALLET,INSUFFICIENT_FUNDS,1,0.35,0,1
19749.48,NET_BANKING,TIMEOUT,1,0.9,0,0
84952.25,WALLET,TIMEOUT,0,0.82,0,1
58465.14,WALLET,INSUFFICIENT_FUNDS,3,0.55,1,0
40562.27,WALLET,TIMEOUT,2,0.33,1,0
85542.09,CARD,NETWORK_ERROR,2,0.31,1,0
93648.83,NET_BANKING,BANK_ERROR,3,0.76,0,0
20428.93,CARD,BANK_ERROR,0,0.69,0,1
1821.88,UPI,NETWORK_ERROR,2,0.63,0,0
33790.21,UPI,INSUFFICIENT_FUNDS,2,0.33,0,0
82966.0,CARD,TIMEOUT,0,0.32,0,0
57396.15,CARD,INVALID_DETAILS,2,0.87,0,0
91892.13,CARD,BANK_ERROR,2,0.5,1,0
89495.87,CARD,INSUFFICIENT_FUNDS,2,0.69,0,0
38748.19,WALLET,INVALID_DETAILS,3,0.88,0,1
21163.01,WALLET,INVALID_DETAILS,1,0.86,0,1
52085.54,NET_BANKING,TIMEOUT,4,0.53,1,0
50056.97,CARD,NETWORK_ERROR,0,0.33,0,0
65953.98,UPI,LIMIT_EXCEEDED,3,0.75,0,0
79096.12,NET_BANKING,INSUFFICIENT_FUNDS,4,0.32,0,0
49802.97,UPI,TIMEOUT,1,0.8,0,1
42370.45,CARD,TIMEOUT,4,0.78,0,1
6292.13,UPI,LIMIT_EXCEEDED,0,0.66,1,1
44615.04,UPI,INVALID_DETAILS,0,0.85,0,1
4963.06,CARD,NETWORK_ERROR,2,0.34,1,0
18381.2,UPI,LIMIT_EXCEEDED,1,0.33,0,0
42007.33,UPI,BANK_ERROR,3,0.57,1,1
78992.53,UPI,BANK_ERROR,1,0.76,0,1
98422.14,NET_BANKING,UNKNOWN,3,0.91,0,0
87245.59,CARD,INSUFFICIENT_FUNDS,0,0.32,0,0
67597.15,CARD,INSUFFICIENT_FUNDS,4,0.59,0,0
29376.48,CARD,INSUFFICIENT_FUNDS,4,0.7,0,1
42507.98,CARD,TIMEOUT,3,0.8,0,0
10832.66,WALLET,TIMEOUT,3,0.77,0,0
87038.44,CARD,INVALID_DETAILS,4,0.67,0,0
54702.32,NET_BANKING,INSUFFICIENT_FUNDS,0,0.8,0,0
16565.77,WALLET,BANK_ERROR,4,0.41,0,0
83164.85,UPI,LIMIT_EXCEEDED,1,0.6,0,0
81793.77,CARD,BANK_ERROR,4,0.92,1,0
96761.87,UPI,TIMEOUT,2,0.69,0,0
11064.16,NET_BANKING,NETWORK_ERROR,4,0.62,0,0
60524.53,WALLET,TIMEOUT,2,0.32,0,0
74334.18,UPI,NETWORK_ERROR,0,0.93,0,1
89248.19,WALLET,NETWORK_ERROR,3,0.67,0,0
14337.97,NET_BANKING,UNKNOWN,3,0.54,0,0
65004.57,NET_BANKING,LIMIT_EXCEEDED,3,0.33,0,1
60545.17,NET_BANKING,NETWORK_ERROR,4,0.78,0,0
83609.43,WALLET,NETWORK_ERROR,3,0.97,0,0
59170.23,UPI,INSUFFICIENT_FUNDS,0,0.8,0,1
64552.73,WALLET,UNKNOWN,0,0.64,0,0
40449.27,NET_BANKING,BANK_ERROR,1,0.41,0,1
12347.09,UPI,TIMEOUT,1,0.9,0,1
19958.78,CARD,UNKNOWN,2,0.83,0,1
26326.46,WALLET,NETWORK_ERROR,1,0.62,0,0
32999.84,UPI,UNKNOWN,2,0.51,1,0
77808.79,WALLET,NETWORK_ERROR,0,0.79,1,0
36507.76,NET_BANKING,NETWORK_ERROR,2,0.45,0,1
65703.98,WALLET,NETWORK_ERROR,4,0.44,0,0
56375.65,CARD,INVALID_DETAILS,2,0.75,0,0
83296.44,CARD,TIMEOUT,3,0.86,1,0
86137.33,WALLET,TIMEOUT,2,0.66,0,0
29427.41,CARD,UNKNOWN,3,0.82,1,0
65058.38,NET_BANKING,BANK_ERROR,3,0.98,0,1
2866.03,NET_BANKING,NETWORK_ERROR,0,0.55,0,1
40388.86,CARD,INVALID_DETAILS,0,0.33,0,0
75936.75,CARD,LIMIT_EXCEEDED,0,0.77,0,0
90745.05,NET_BANKING,NETWORK_ERROR,2,0.75,0,0
6811.85,CARD,NETWORK_ERROR,4,0.98,0,0
69068.2,UPI,NETWORK_ERROR,2,0.32,0,1
21366.91,CARD,INSUFFICIENT_FUNDS,1,0.92,1,0
67397.4,CARD,UNKNOWN,1,0.81,1,0
19215.03,UPI,INSUFFICIENT_FUNDS,1,0.46,0,1
86959.26,WALLET,NETWORK_ERROR,1,0.9,0,1
67726.58,CARD,UNKNOWN,2,0.38,0,0
53088.71,NET_BANKING,NETWORK_ERROR,2,0.53,0,0
97691.51,UPI,LIMIT_EXCEEDED,1,0.52,0,0
30791.42,NET_BANKING,NETWORK_ERROR,1,0.77,0,1
47653.68,UPI,TIMEOUT,3,0.44,0,1
84422.38,UPI,INVALID_DETAILS,2,0.86,0,0
76368.4,CARD,UNKNOWN,3,0.47,0,0
51612.7,UPI,LIMIT_EXCEEDED,3,0.57,0,0
42677.7,CARD,INSUFFICIENT_FUNDS,4,0.87,0,0
92333.24,NET_BANKING,INSUFFICIENT_FUNDS,3,0.81,0,1
33328.05,CARD,UNKNOWN,1,0.92,0,0
10445.84,CARD,UNKNOWN,1,0.49,0,0
55827.32,UPI,NETWORK_ERROR,4,0.53,0,0
6189.84,NET_BANKING,LIMIT_EXCEEDED,1,0.57,0,0
55521.22,CARD,INSUFFICIENT_FUNDS,1,0.47,0,0
38170.37,CARD,LIMIT_EXCEEDED,4,0.34,0,0
28881.14,NET_BANKING,BANK_ERROR,0,0.65,0,1
88351.77,NET_BANKING,BANK_ERROR,0,0.9,0,1
48622.59,UPI,NETWORK_ERROR,0,0.58,1,0
47036.1,CARD,TIMEOUT,2,0.85,0,1
11598.5,WALLET,BANK_ERROR,4,0.36,0,0
82099.65,CARD,BANK_ERROR,0,0.7,0,0
78791.2,WALLET,BANK_ERROR,3,0.6,0,1
14122.45,WALLET,TIMEOUT,0,0.6,0,1
62065.67,UPI,NETWORK_ERROR,1,0.34,0,1
98825.08,UPI,BANK_ERROR,3,0.8,1,0
61485.32,CARD,INVALID_DETAILS,2,0.73,0,0
40276.62,WALLET,INSUFFICIENT_FUNDS,1,0.74,0,0
72023.25,CARD,NETWORK_ERROR,3,0.77,0,1
7346.34,CARD,BANK_ERROR,3,0.67,0,0
83095.4,CARD,TIMEOUT,1,0.35,0,1
37842.05,UPI,LIMIT_EXCEEDED,2,0.41,0,0
54917.04,NET_BANKING,UNKNOWN,1,0.42,1,0
8141.34,WALLET,LIMIT_EXCEEDED,0,0.79,0,0
24137.12,UPI,INVALID_DETAILS,3,0.97,0,0
51272.93,NET_BANKING,INVALID_DETAILS,3,0.59,0,0
13375.45,NET_BANKING,INVALID_DETAILS,0,0.83,0,1
43653.31,NET_BANKING,LIMIT_EXCEEDED,2,0.89,0,0
83876.01,NET_BANKING,INSUFFICIENT_FUNDS,1,0.45,0,1
11457.85,UPI,LIMIT_EXCEEDED,2,0.84,0,0
42321.42,WALLET,BANK_ERROR,4,0.57,0,1
19013.41,WALLET,TIMEOUT,0,0.46,0,0
68965.81,WALLET,UNKNOWN,1,0.88,0,1
13879.97,WALLET,UNKNOWN,3,0.93,0,0
37539.4,WALLET,BANK_ERROR,3,0.37,1,0
74870.25,UPI,BANK_ERROR,1,0.45,0,0
30541.63,WALLET,TIMEOUT,1,0.64,0,1
95167.09,UPI,INSUFFICIENT_FUNDS,3,0.58,0,1
67258.76,NET_BANKING,BANK_ERROR,2,0.65,0,0
73843.64,CARD,TIMEOUT,2,0.63,0,0
97707.26,WALLET,LIMIT_EXCEEDED,4,0.91,0,0
78051.27,CARD,INSUFFICIENT_FUNDS,0,0.49,0,0
64249.3,WALLET,INVALID_DETAILS,1,0.77,0,0
18521.94,CARD,UNKNOWN,4,0.38,0,1
33318.14,CARD,NETWORK_ERROR,0,0.33,0,0
68716.33,UPI,INSUFFICIENT_FUNDS,4,0.61,0,0
12845.68,CARD,INSUFFICIENT_FUNDS,0,0.66,0,0
94627.02,UPI,UNKNOWN,3,0.53,0,0
83732.86,NET_BANKING,UNKNOWN,4,0.62,0,0
60226.61,NET_BANKING,BANK_ERROR,1,0.37,0,0
41217.29,NET_BANKING,TIMEOUT,2,0.65,0,0
10649.55,UPI,TIMEOUT,0,0.63,0,1
99318.77,CARD,UNKNOWN,0,0.41,0,1
35563.71,CARD,INVALID_DETAILS,3,0.37,1,0
49056.35,UPI,INSUFFICIENT_FUNDS,4,0.87,0,0
59202.75,UPI,TIMEOUT,4,0.97,0,1
21114.56,UPI,TIMEOUT,0,0.59,0,0
69712.93,UPI,TIMEOUT,1,0.85,0,1
83839.07,UPI,TIMEOUT,4,0.89,0,1
84864.53,NET_BANKING,INVALID_DETAILS,4,0.87,0,0
36047.09,NET_BANKING,NETWORK_ERROR,4,0.83,1,0
90428.63,CARD,INVALID_DETAILS,4,0.92,1,0
48441.99,NET_BANKING,INVALID_DETAILS,1,0.71,0,0
96126.87,NET_BANKING,INSUFFICIENT_FUNDS,3,0.85,0,0
18833.48,UPI,INVALID_DETAILS,2,0.87,0,0
11076.22,CARD,INVALID_DETAILS,1,0.58,0,0
23710.46,NET_BANKING,NETWORK_ERROR,2,0.37,0,0
32174.73,UPI,NETWORK_ERROR,3,0.45,0,1
77295.34,WALLET,LIMIT_EXCEEDED,3,0.65,0,0
65235.91,WALLET,INVALID_DETAILS,2,0.55,1,0
28117.73,UPI,LIMIT_EXCEEDED,4,0.71,0,0
63787.09,CARD,NETWORK_ERROR,0,0.58,1,0
21971.37,WALLET,BANK_ERROR,3,0.61,0,1
65857.8,NET_BANKING,INSUFFICIENT_FUNDS,1,0.51,0,0
94537.09,UPI,INVALID_DETAILS,4,0.66,0,1
67534.08,CARD,BANK_ERROR,1,0.6,0,1
54655.67,NET_BANKING,NETWORK_ERROR,2,0.41,1,0
67105.51,UPI,BANK_ERROR,2,0.47,0,0
44202.22,NET_BANKING,INVALID_DETAILS,0,0.38,1,1
33968.12,NET_BANKING,INSUFFICIENT_FUNDS,4,0.85,0,0
19644.35,UPI,BANK_ERROR,3,0.33,0,1
83957.69,UPI,INVALID_DETAILS,4,0.34,0,0
90230.88,UPI,INSUFFICIENT_FUNDS,1,0.52,0,1
58001.77,CARD,INSUFFICIENT_FUNDS,1,0.46,0,0
66564.52,WALLET,LIMIT_EXCEEDED,1,0.83,1,0
38680.47,NET_BANKING,INSUFFICIENT_FUNDS,0,0.73,1,1
67842.33,CARD,UNKNOWN,2,0.39,0,0
67498.08,CARD,NETWORK_ERROR,3,0.43,0,0
23392.18,CARD,NETWORK_ERROR,1,0.62,0,0
38434.27,NET_BANKING,INVALID_DETAILS,0,0.65,0,1
25284.39,CARD,TIMEOUT,4,0.94,1,1
27264.36,NET_BANKING,UNKNOWN,0,0.69,0,0
56164.52,NET_BANKING,LIMIT_EXCEEDED,2,0.9,0,0
25249.5,WALLET,UNKNOWN,4,0.89,0,1
60293.5,WALLET,TIMEOUT,2,0.33,0,0
20540.21,UPI,UNKNOWN,4,0.84,0,0
94979.23,CARD,NETWORK_ERROR,2,0.8,1,0
51876.31,WALLET,TIMEOUT,3,0.7,1,0
41154.01,UPI,TIMEOUT,0,0.89,0,1
26455.79,WALLET,INSUFFICIENT_FUNDS,0,0.32,0,1
95164.08,WALLET,INSUFFICIENT_FUNDS,2,0.57,0,0
505.13,NET_BANKING,INSUFFICIENT_FUNDS,4,0.8,0,0
38743.76,NET_BANKING,NETWORK_ERROR,4,0.9,0,0
96980.85,NET_BANKING,LIMIT_EXCEEDED,3,0.69,0,0
92671.99,NET_BANKING,UNKNOWN,0,0.74,0,0
79203.29,CARD,TIMEOUT,2,0.51,0,0
26797.2,CARD,UNKNOWN,4,0.6,0,0
17197.95,NET_BANKING,UNKNOWN,3,0.38,0,0
98043.6,CARD,LIMIT_EXCEEDED,2,0.89,0,1
37951.01,NET_BANKING,LIMIT_EXCEEDED,0,0.73,0,1
24827.13,WALLET,UNKNOWN,4,0.89,0,0
22463.1,UPI,INSUFFICIENT_FUNDS,0,0.88,0,1
60307.68,UPI,UNKNOWN,4,0.74,0,0
50619.65,NET_BANKING,BANK_ERROR,3,0.61,1,0
89207.59,WALLET,NETWORK_ERROR,3,0.4,0,0
30752.44,NET_BANKING,BANK_ERROR,4,0.48,1,0
74005.58,CARD,BANK_ERROR,0,0.67,0,1
68122.94,UPI,TIMEOUT,0,0.6,0,0
30494.59,NET_BANKING,TIMEOUT,3,0.9,0,0
39118.36,WALLET,TIMEOUT,4,0.51,0,0
55649.67,WALLET,UNKNOWN,3,0.48,0,0
61520.94,NET_BANKING,INVALID_DETAILS,1,0.94,1,1
35737.09,CARD,TIMEOUT,3,0.84,0,0
47881.72,WALLET,TIMEOUT,4,0.62,0,1
95850.61,WALLET,TIMEOUT,3,0.54,0,0
30155.73,UPI,NETWORK_ERROR,3,0.82,0,0
78982.25,UPI,LIMIT_EXCEEDED,2,0.8,0,0
50870.94,CARD,INVALID_DETAILS,2,0.79,0,0
80148.78,WALLET,NETWORK_ERROR,1,0.53,0,0
13448.3,WALLET,TIMEOUT,0,0.73,0,1
46908.3,UPI,INSUFFICIENT_FUNDS,0,0.8,0,0
36486.47,WALLET,INSUFFICIENT_FUNDS,0,0.71,1,0
40210.67,NET_BANKING,INSUFFICIENT_FUNDS,0,0.67,0,0
45058.29,NET_BANKING,TIMEOUT,3,0.35,0,0
9754.44,WALLET,LIMIT_EXCEEDED,3,0.75,0,0
41455.07,WALLET,LIMIT_EXCEEDED,1,0.78,0,0
37201.58,NET_BANKING,LIMIT_EXCEEDED,4,0.55,1,0
71973.74,CARD,INVALID_DETAILS,1,0.3,0,0
42569.9,NET_BANKING,UNKNOWN,0,0.51,0,0
42521.94,CARD,INSUFFICIENT_FUNDS,2,0.34,0,1
39160.7,UPI,NETWORK_ERROR,3,0.51,0,0
9483.72,WALLET,INVALID_DETAILS,4,0.53,0,0
82847.57,UPI,BANK_ERROR,2,0.71,0,0
74757.3,CARD,INVALID_DETAILS,1,0.83,0,0
99215.16,WALLET,TIMEOUT,2,0.93,0,1
9472.17,CARD,NETWORK_ERROR,0,0.64,0,1
37701.86,NET_BANKING,TIMEOUT,2,0.66,0,0
93598.67,NET_BANKING,INVALID_DETAILS,1,0.77,0,0
87744.02,UPI,UNKNOWN,4,0.66,0,0
55623.06,WALLET,NETWORK_ERROR,2,0.85,0,1
62272.95,CARD,LIMIT_EXCEEDED,1,0.94,0,1
76339.36,UPI,LIMIT_EXCEEDED,0,0.8,0,1
26190.99,WALLET,BANK_ERROR,2,0.39,1,1
91515.43,UPI,INVALID_DETAILS,4,0.9,1,0
97818.45,UPI,UNKNOWN,4,0.8,0,0
15896.4,CARD,NETWORK_ERROR,0,0.97,0,1
25321.13,NET_BANKING,INVALID_DETAILS,2,0.55,0,0
4379.65,UPI,UNKNOWN,2,0.5,0,1
71364.9,UPI,LIMIT_EXCEEDED,3,0.55,1,0
32316.78,WALLET,INVALID_DETAILS,3,0.46,0,0
12408.1,CARD,LIMIT_EXCEEDED,4,0.37,0,0
59996.14,NET_BANKING,BANK_ERROR,0,0.58,0,0
80467.3,UPI,TIMEOUT,0,0.92,0,1
61778.02,UPI,INSUFFICIENT_FUNDS,4,0.73,0,1
74135.31,WALLET,LIMIT_EXCEEDED,1,0.58,1,1
8830.01,WALLET,NETWORK_ERROR,3,0.42,0,0
38455.12,CARD,INSUFFICIENT_FUNDS,4,0.43,0,0
70987.43,UPI,INSUFFICIENT_FUNDS,2,0.69,0,0
92287.13,NET_BANKING,TIMEOUT,1,0.82,1,1
20523.06,CARD,INSUFFICIENT_FUNDS,0,0.95,0,1
34290.23,WALLET,INVALID_DETAILS,1,0.47,0,0
14902.43,NET_BANKING,INSUFFICIENT_FUNDS,2,0.53,0,0
88516.11,UPI,INVALID_DETAILS,1,0.92,1,0
4869.82,UPI,BANK_ERROR,1,0.48,0,0
88697.68,NET_BANKING,TIMEOUT,3,0.77,1,1
58167.4,NET_BANKING,UNKNOWN,0,0.73,1,0
96312.21,NET_BANKING,BANK_ERROR,0,0.36,0,0
43425.81,CARD,BANK_ERROR,4,0.68,1,0
72936.52,WALLET,NETWORK_ERROR,3,0.77,1,0
20997.36,UPI,TIMEOUT,1,0.9,0,1
9274.33,UPI,UNKNOWN,1,0.68,0,1
59117.61,WALLET,INSUFFICIENT_FUNDS,4,0.72,0,0
12564.69,NET_BANKING,UNKNOWN,4,0.7,0,0
95098.47,NET_BANKING,NETWORK_ERROR,0,0.7,0,0
73242.16,NET_BANKING,BANK_ERROR,2,0.6,1,0
9751.09,WALLET,TIMEOUT,1,0.73,1,1
65922.04,WALLET,TIMEOUT,0,0.85,0,0
40699.2,WALLET,UNKNOWN,2,0.56,0,1
77542.69,CARD,UNKNOWN,1,0.66,0,0
76133.59,UPI,LIMIT_EXCEEDED,1,0.4,0,0
51240.35,NET_BANKING,TIMEOUT,4,0.79,0,0
49773.3,UPI,LIMIT_EXCEEDED,3,0.49,1,0
73539.57,NET_BANKING,UNKNOWN,4,0.62,0,0
20466.28,WALLET,NETWORK_ERROR,2,0.76,0,1
50543.16,WALLET,NETWORK_ERROR,4,0.78,0,0
70722.53,NET_BANKING,LIMIT_EXCEEDED,3,0.77,0,0
12469.88,UPI,UNKNOWN,4,0.72,0,0
61506.29,NET_BANKING,UNKNOWN,2,0.35,0,0
88728.7,WALLET,TIMEOUT,4,0.71,0,1
80989.92,CARD,NETWORK_ERROR,4,0.86,0,0
19571.29,UPI,INSUFFICIENT_FUNDS,2,0.69,0,1
13062.14,NET_BANKING,UNKNOWN,4,0.84,0,0
17155.6,WALLET,TIMEOUT,4,0.33,1,0
69568.7,UPI,UNKNOWN,4,0.96,0,0
91043.94,UPI,INSUFFICIENT_FUNDS,2,0.89,0,1
88173.86,WALLET,TIMEOUT,3,0.37,0,0
88134.74,NET_BANKING,BANK_ERROR,4,0.4,0,0
48713.3,NET_BANKING,INVALID_DETAILS,3,0.73,0,1
33609.42,CARD,TIMEOUT,2,0.72,0,0
71204.44,NET_BANKING,TIMEOUT,3,0.8,0,0
4736.09,UPI,NETWORK_ERROR,2,0.79,0,0
67520.97,WALLET,NETWORK_ERROR,2,0.67,0,1
41970.11,CARD,LIMIT_EXCEEDED,2,0.57,1,0
751.5,UPI,UNKNOWN,3,0.86,0,0
69848.25,UPI,LIMIT_EXCEEDED,4,0.34,0,0
57472.37,NET_BANKING,NETWORK_ERROR,0,0.84,1,1
67382.34,WALLET,NETWORK_ERROR,4,0.67,1,0
51976.25,NET_BANKING,INVALID_DETAILS,4,0.62,0,0
78123.13,UPI,TIMEOUT,0,0.55,0,1
79482.26,CARD,INVALID_DETAILS,2,0.45,0,0
10633.93,WALLET,UNKNOWN,4,0.42,0,0
26930.33,UPI,TIMEOUT,3,0.94,0,1
21445.65,WALLET,TIMEOUT,0,0.98,0,0
64523.18,WALLET,TIMEOUT,1,0.82,1,1
7639.78,NET_BANKING,INVALID_DETAILS,4,0.63,0,0
96211.46,NET_BANKING,TIMEOUT,2,0.37,0,0
63571.06,NET_BANKING,INSUFFICIENT_FUNDS,3,0.66,0,0
31750.34,CARD,UNKNOWN,1,0.66,0,1
77637.08,NET_BANKING,TIMEOUT,4,0.5,0,0
65535.3,WALLET,INSUFFICIENT_FUNDS,1,0.84,1,1
64207.37,CARD,TIMEOUT,1,0.46,0,1
46768.89,NET_BANKING,TIMEOUT,4,0.98,0,1
73088.56,WALLET,INVALID_DETAILS,4,0.63,0,0
35255.3,NET_BANKING,LIMIT_EXCEEDED,2,0.98,1,0
28698.41,WALLET,INSUFFICIENT_FUNDS,0,0.61,0,1
2419.85,WALLET,NETWORK_ERROR,4,0.76,0,1
4008.96,WALLET,TIMEOUT,4,0.84,0,0
43531.38,CARD,LIMIT_EXCEEDED,2,0.51,0,0
11429.28,NET_BANKING,LIMIT_EXCEEDED,1,0.75,1,0
25373.67,CARD,UNKNOWN,3,0.63,0,0
35926.56,WALLET,INSUFFICIENT_FUNDS,3,0.34,0,0
27374.02,UPI,BANK_ERROR,1,0.84,0,1
7903.86,CARD,INSUFFICIENT_FUNDS,4,0.62,0,0
97570.28,CARD,TIMEOUT,3,0.88,0,0
72854.41,WALLET,TIMEOUT,0,0.95,0,1
70507.57,UPI,INVALID_DETAILS,0,0.92,0,0
43976.81,NET_BANKING,LIMIT_EXCEEDED,1,0.57,0,0
34599.16,WALLET,BANK_ERROR,3,0.85,0,0
14578.3,WALLET,TIMEOUT,4,0.37,0,0
79778.01,CARD,INSUFFICIENT_FUNDS,2,0.73,0,1
38072.27,UPI,LIMIT_EXCEEDED,3,0.84,1,0
84368.74,NET_BANKING,TIMEOUT,2,0.61,0,1
91514.0,CARD,BANK_ERROR,2,0.77,0,0
11382.86,UPI,UNKNOWN,4,0.75,0,0
45289.47,UPI,INVALID_DETAILS,2,0.4,0,0
54217.56,CARD,TIMEOUT,3,0.65,0,0
86264.56,UPI,NETWORK_ERROR,3,0.76,0,1
66356.65,CARD,BANK_ERROR,1,0.52,0,1
44570.13,CARD,TIMEOUT,0,0.43,1,0
92053.36,WALLET,TIMEOUT,0,0.8,0,1
48575.26,UPI,LIMIT_EXCEEDED,1,0.83,0,0
757.07,WALLET,INVALID_DETAILS,3,0.77,0,1
9834.01,CARD,INSUFFICIENT_FUNDS,2,0.67,1,1
30330.53,WALLET,UNKNOWN,4,0.45,0,0
39018.7,NET_BANKING,INVALID_DETAILS,2,0.84,0,0
11364.23,UPI,TIMEOUT,0,0.52,0,1
78570.43,NET_BANKING,UNKNOWN,4,0.32,1,0
64694.71,CARD,NETWORK_ERROR,1,0.53,0,0
68426.37,UPI,LIMIT_EXCEEDED,0,0.8,0,1
40012.05,CARD,LIMIT_EXCEEDED,3,0.62,0,0
96092.19,CARD,INSUFFICIENT_FUNDS,4,0.47,0,0
34422.35,CARD,TIMEOUT,0,0.4,0,0
75794.76,WALLET,NETWORK_ERROR,2,0.65,0,0
23574.55,NET_BANKING,LIMIT_EXCEEDED,1,0.81,0,0
64058.45,UPI,TIMEOUT,2,0.61,0,0
34138.16,NET_BANKING,TIMEOUT,4,0.45,0,0
73573.26,NET_BANKING,INSUFFICIENT_FUNDS,0,0.4,1,1
33376.7,WALLET,LIMIT_EXCEEDED,4,0.31,0,0
60488.36,UPI,TIMEOUT,3,0.36,0,0
34867.27,WALLET,INSUFFICIENT_FUNDS,4,0.51,0,0
38507.69,NET_BANKING,INSUFFICIENT_FUNDS,3,0.47,0,0
59264.37,CARD,BANK_ERROR,3,0.56,0,0
76514.42,WALLET,TIMEOUT,3,0.89,0,1
28341.62,NET_BANKING,NETWORK_ERROR,4,0.84,0,0
23701.19,UPI,INVALID_DETAILS,3,0.82,0,0
58224.34,WALLET,INVALID_DETAILS,3,0.53,0,0
86893.97,UPI,UNKNOWN,0,0.51,0,0
58871.54,WALLET,INVALID_DETAILS,1,0.87,1,0
2443.61,NET_BANKING,UNKNOWN,2,0.41,0,0
58575.78,NET_BANKING,UNKNOWN,4,0.79,0,0
12178.02,UPI,INSUFFICIENT_FUNDS,3,0.95,1,0
45232.71,NET_BANKING,INVALID_DETAILS,2,0.58,0,0
45863.72,CARD,TIMEOUT,4,0.44,1,0
68189.87,CARD,LIMIT_EXCEEDED,0,0.71,0,1
85898.01,WALLET,INSUFFICIENT_FUNDS,3,0.56,1,0
86617.44,WALLET,INSUFFICIENT_FUNDS,1,0.65,0,0
62667.18,WALLET,TIMEOUT,3,0.6,0,0
20909.5,WALLET,BANK_ERROR,3,0.45,0,0
80885.76,WALLET,INSUFFICIENT_FUNDS,0,0.34,0,0
12758.67,WALLET,BANK_ERROR,1,0.75,0,0
65489.23,CARD,NETWORK_ERROR,1,0.41,0,0
5662.63,CARD,BANK_ERROR,4,0.7,0,0
78856.06,UPI,UNKNOWN,3,0.68,0,0
729.46,NET_BANKING,INVALID_DETAILS,1,0.43,0,0
77963.54,NET_BANKING,INSUFFICIENT_FUNDS,1,0.64,0,0
3784.12,WALLET,UNKNOWN,2,0.47,1,0
78097.3,NET_BANKING,BANK_ERROR,0,0.38,1,0
52268.07,UPI,NETWORK_ERROR,1,0.55,0,0
1142.91,CARD,TIMEOUT,3,0.82,0,1
80171.08,WALLET,LIMIT_EXCEEDED,3,0.67,0,1
18452.41,CARD,INVALID_DETAILS,4,0.95,0,0
91746.79,UPI,INSUFFICIENT_FUNDS,4,0.96,0,0
92289.11,CARD,LIMIT_EXCEEDED,3,0.68,0,0
49957.77,UPI,NETWORK_ERROR,1,0.85,1,1
57839.59,UPI,TIMEOUT,4,0.57,0,1
19872.46,CARD,LIMIT_EXCEEDED,4,0.64,0,0
70307.59,CARD,LIMIT_EXCEEDED,3,0.51,0,0
68270.01,UPI,INSUFFICIENT_FUNDS,3,0.55,0,1
27904.96,WALLET,LIMIT_EXCEEDED,1,0.75,0,0
40876.18,CARD,UNKNOWN,3,0.52,0,0
40872.5,WALLET,NETWORK_ERROR,2,0.42,0,0
6012.52,NET_BANKING,NETWORK_ERROR,4,0.93,0,0
37560.08,WALLET,BANK_ERROR,1,0.77,0,0
1541.34,UPI,UNKNOWN,0,0.89,0,1
23297.44,WALLET,TIMEOUT,0,0.48,1,0
62285.6,WALLET,INSUFFICIENT_FUNDS,0,0.55,0,0
98131.05,WALLET,INVALID_DETAILS,1,0.32,0,0
5098.91,CARD,LIMIT_EXCEEDED,2,0.39,0,0
45271.35,UPI,UNKNOWN,2,0.69,0,0
50799.33,UPI,NETWORK_ERROR,4,0.96,0,0
8193.87,CARD,UNKNOWN,4,0.74,0,1
2430.03,WALLET,NETWORK_ERROR,3,0.51,0,0
91516.66,NET_BANKING,LIMIT_EXCEEDED,3,0.86,1,0
34909.79,UPI,LIMIT_EXCEEDED,4,0.46,0,0
95270.73,WALLET,INVALID_DETAILS,3,0.46,0,0
17599.18,NET_BANKING,NETWORK_ERROR,1,0.73,0,1
30777.92,WALLET,LIMIT_EXCEEDED,3,0.41,0,0
90448.36,NET_BANKING,BANK_ERROR,4,0.89,0,0
57349.76,CARD,NETWORK_ERROR,4,0.74,0,0
86482.33,UPI,INVALID_DETAILS,0,0.79,1,0
42185.55,NET_BANKING,TIMEOUT,1,0.62,0,1
38503.33,CARD,BANK_ERROR,2,0.48,0,1
78298.07,CARD,INSUFFICIENT_FUNDS,4,0.82,0,0
6335.42,UPI,INVALID_DETAILS,2,0.4,0,0
75338.14,CARD,UNKNOWN,1,0.57,0,0
33161.75,UPI,INSUFFICIENT_FUNDS,0,0.65,0,0
22134.05,NET_BANKING,LIMIT_EXCEEDED,4,0.97,0,0
16212.51,CARD,UNKNOWN,2,0.72,0,0
47928.3,UPI,NETWORK_ERROR,1,0.89,0,1
77030.23,CARD,INVALID_DETAILS,2,0.62,0,1
72110.44,CARD,LIMIT_EXCEEDED,4,0.31,0,0
43516.23,WALLET,TIMEOUT,0,0.89,0,1
49144.61,NET_BANKING,NETWORK_ERROR,2,0.75,0,1
64309.12,UPI,TIMEOUT,4,0.64,0,0
73603.38,WALLET,NETWORK_ERROR,2,0.94,0,1
23504.17,WALLET,LIMIT_EXCEEDED,0,0.49,0,0
86580.08,NET_BANKING,BANK_ERROR,4,0.62,0,1
82809.93,UPI,BANK_ERROR,1,0.31,0,0
63092.59,CARD,INSUFFICIENT_FUNDS,1,0.97,0,0
15676.44,WALLET,NETWORK_ERROR,0,0.73,1,0
46134.31,UPI,BANK_ERROR,1,0.54,0,1
12988.59,CARD,NETWORK_ERROR,0,0.86,0,1
35971.23,WALLET,INSUFFICIENT_FUNDS,4,0.95,0,0
27701.59,CARD,INVALID_DETAILS,2,0.94,0,1
62254.66,NET_BANKING,UNKNOWN,2,0.88,0,0
81359.82,WALLET,UNKNOWN,4,0.35,0,0
73409.62,NET_BANKING,INSUFFICIENT_FUNDS,2,0.79,0,1
96119.3,UPI,LIMIT_EXCEEDED,3,0.37,0,0
49869.68,UPI,TIMEOUT,3,0.84,0,0
13580.36,NET_BANKING,TIMEOUT,1,0.31,0,0
84614.9,UPI,INVALID_DETAILS,4,0.75,0,0
87463.08,UPI,TIMEOUT,3,0.94,0,1
31782.03,WALLET,LIMIT_EXCEEDED,2,0.75,0,0
8195.97,CARD,INVALID_DETAILS,1,0.77,0,0
4682.27,UPI,INSUFFICIENT_FUNDS,0,0.35,0,1
10056.67,UPI,INVALID_DETAILS,1,0.71,0,0
55948.18,CARD,INSUFFICIENT_FUNDS,2,0.84,0,1
24685.76,UPI,TIMEOUT,4,0.62,1,1
81821.37,NET_BANKING,TIMEOUT,4,0.33,0,0
38490.04,WALLET,UNKNOWN,4,0.66,0,1
3910.35,WALLET,BANK_ERROR,3,0.41,0,0
11669.85,NET_BANKING,TIMEOUT,1,0.73,0,1
2265.39,CARD,INVALID_DETAILS,0,0.95,0,1
44622.74,NET_BANKING,INSUFFICIENT_FUNDS,2,0.54,0,1
46414.33,UPI,NETWORK_ERROR,3,0.63,1,0
52922.09,WALLET,TIMEOUT,2,0.35,1,0
10547.14,WALLET,NETWORK_ERROR,2,0.59,0,0
82192.17,CARD,NETWORK_ERROR,1,0.93,0,0
65754.2,CARD,LIMIT_EXCEEDED,1,0.31,0,0
96151.82,WALLET,NETWORK_ERROR,1,0.46,0,0
24574.44,CARD,INSUFFICIENT_FUNDS,3,0.64,1,0
16508.38,WALLET,INSUFFICIENT_FUNDS,2,0.49,0,1
10797.89,NET_BANKING,INVALID_DETAILS,0,0.39,0,1
32464.36,UPI,NETWORK_ERROR,2,0.7,0,0
4129.56,CARD,LIMIT_EXCEEDED,3,0.57,0,0
13942.91,WALLET,INSUFFICIENT_FUNDS,3,0.45,0,0
25248.7,CARD,UNKNOWN,0,0.32,1,0
16160.15,NET_BANKING,LIMIT_EXCEEDED,1,0.97,0,0
11082.48,WALLET,NETWORK_ERROR,2,0.58,0,0
69472.11,NET_BANKING,INSUFFICIENT_FUNDS,4,0.71,0,0
45507.99,NET_BANKING,INVALID_DETAILS,3,0.34,0,0
22833.25,NET_BANKING,INSUFFICIENT_FUNDS,2,0.56,0,0
95368.66,CARD,NETWORK_ERROR,0,0.75,1,1
26608.25,CARD,UNKNOWN,4,0.9,0,0
43419.97,UPI,UNKNOWN,1,0.45,0,0
77246.75,WALLET,INVALID_DETAILS,4,0.32,1,0
8748.31,CARD,TIMEOUT,3,0.72,1,0
28543.9,NET_BANKING,BANK_ERROR,0,0.4,0,1
53900.77,WALLET,BANK_ERROR,0,0.47,0,1
37015.63,CARD,INSUFFICIENT_FUNDS,0,0.92,0,1
38374.52,UPI,NETWORK_ERROR,0,0.71,0,1
38631.86,UPI,NETWORK_ERROR,3,0.93,0,0
74563.54,UPI,UNKNOWN,4,0.85,1,0
94827.39,CARD,NETWORK_ERROR,3,0.58,1,0
6807.36,UPI,BANK_ERROR,2,0.35,0,1
10812.64,UPI,NETWORK_ERROR,0,0.95,0,1
23529.86,NET_BANKING,INVALID_DETAILS,0,0.6,1,0
45318.38,NET_BANKING,TIMEOUT,0,0.69,0,0
90322.13,WALLET,INSUFFICIENT_FUNDS,2,0.75,1,0
2667.2,UPI,NETWORK_ERROR,2,0.82,0,1
94663.41,CARD,TIMEOUT,2,0.75,0,0
45771.9,NET_BANKING,INSUFFICIENT_FUNDS,1,0.45,0,0
58272.13,WALLET,INSUFFICIENT_FUNDS,4,0.94,0,0
39621.85,NET_BANKING,INSUFFICIENT_FUNDS,1,0.85,0,1
83428.84,UPI,BANK_ERROR,1,0.59,0,0
70430.9,UPI,NETWORK_ERROR,3,0.93,0,0
4102.47,UPI,LIMIT_EXCEEDED,4,0.58,0,0
16991.49,CARD,TIMEOUT,0,0.56,0,1
29414.01,WALLET,TIMEOUT,4,0.5,1,0
58595.88,NET_BANKING,LIMIT_EXCEEDED,2,0.65,0,0
40826.11,UPI,INSUFFICIENT_FUNDS,0,0.93,0,1
7645.69,WALLET,UNKNOWN,1,0.74,0,1
20128.43,CARD,UNKNOWN,0,0.6,0,0
44513.8,WALLET,UNKNOWN,0,0.98,0,1
9736.14,NET_BANKING,NETWORK_ERROR,0,0.94,0,1
45050.02,CARD,BANK_ERROR,1,0.75,1,0
41012.13,NET_BANKING,NETWORK_ERROR,1,0.46,0,0
81945.08,CARD,NETWORK_ERROR,1,0.92,0,0
58773.83,CARD,TIMEOUT,3,0.97,0,0
95745.86,WALLET,INVALID_DETAILS,3,0.46,0,0
30692.14,WALLET,INVALID_DETAILS,1,0.49,0,1
91865.74,NET_BANKING,UNKNOWN,4,0.56,0,0
62362.55,WALLET,INVALID_DETAILS,3,0.68,0,0
92576.15,CARD,NETWORK_ERROR,4,0.44,0,0
61091.33,WALLET,INSUFFICIENT_FUNDS,3,0.3,0,0
87335.0,NET_BANKING,TIMEOUT,4,0.39,0,0
39623.55,CARD,NETWORK_ERROR,2,0.57,0,0
69549.18,WALLET,INSUFFICIENT_FUNDS,0,0.94,0,1
87456.14,CARD,NETWORK_ERROR,1,0.62,0,0
40054.51,CARD,NETWORK_ERROR,2,0.39,0,0
17776.64,UPI,INSUFFICIENT_FUNDS,0,0.75,0,0
8774.84,NET_BANKING,TIMEOUT,0,0.58,1,0
78884.24,UPI,BANK_ERROR,0,0.88,0,0
51443.38,CARD,LIMIT_EXCEEDED,2,0.75,0,0
76534.12,WALLET,TIMEOUT,1,0.43,0,1
26608.74,UPI,TIMEOUT,3,0.95,0,1
90153.95,NET_BANKING,NETWORK_ERROR,3,0.35,0,0
99135.84,CARD,BANK_ERROR,0,0.58,0,0
82283.77,UPI,TIMEOUT,3,0.34,0,1
41639.27,UPI,INVALID_DETAILS,3,0.71,0,0
62754.75,UPI,TIMEOUT,3,0.6,0,1
78264.46,UPI,INVALID_DETAILS,4,0.8,0,1
90020.08,CARD,INVALID_DETAILS,3,0.85,0,0
24419.77,NET_BANKING,LIMIT_EXCEEDED,4,0.69,0,0
90746.25,WALLET,UNKNOWN,2,0.48,1,0
80242.76,WALLET,UNKNOWN,4,0.6,0,0
7901.36,CARD,BANK_ERROR,0,0.59,0,1
32387.22,WALLET,TIMEOUT,0,0.87,0,1
66162.64,UPI,UNKNOWN,3,0.78,0,0
92942.59,UPI,BANK_ERROR,2,0.69,0,0
95475.7,CARD,TIMEOUT,1,0.38,0,0
39829.34,UPI,BANK_ERROR,1,0.43,1,0
1167.99,NET_BANKING,NETWORK_ERROR,4,0.7,0,1
45809.61,CARD,LIMIT_EXCEEDED,2,0.96,1,0
56650.34,CARD,NETWORK_ERROR,3,0.48,0,0
22048.86,WALLET,TIMEOUT,0,0.45,1,0
39598.01,WALLET,UNKNOWN,3,0.37,0,0
73163.19,CARD,BANK_ERROR,1,0.32,0,0
95645.95,UPI,INVALID_DETAILS,4,0.78,1,0
99425.52,CARD,LIMIT_EXCEEDED,3,0.45,0,0
47434.47,CARD,INSUFFICIENT_FUNDS,1,0.73,0,0
76368.42,NET_BANKING,LIMIT_EXCEEDED,2,0.4,0,1
61909.68,UPI,LIMIT_EXCEEDED,2,0.39,0,0
43966.93,CARD,TIMEOUT,4,0.77,0,1
16122.51,NET_BANKING,NETWORK_ERROR,2,0.36,0,0
8536.02,UPI,LIMIT_EXCEEDED,2,0.77,0,1
87772.79,CARD,INVALID_DETAILS,0,0.31,0,0
13335.69,NET_BANKING,INSUFFICIENT_FUNDS,1,0.81,1,0
19444.87,NET_BANKING,INVALID_DETAILS,1,0.9,0,0
80784.42,UPI,TIMEOUT,4,0.4,1,0
87184.41,WALLET,BANK_ERROR,0,0.59,0,0
47388.92,NET_BANKING,INSUFFICIENT_FUNDS,1,0.44,0,1
25645.74,UPI,TIMEOUT,0,0.6,0,1
68734.54,NET_BANKING,NETWORK_ERROR,2,0.68,0,0
49235.24,NET_BANKING,BANK_ERROR,4,0.94,0,0
29923.96,UPI,NETWORK_ERROR,0,0.52,0,0
41090.57,WALLET,INSUFFICIENT_FUNDS,1,0.38,0,1
69964.02,CARD,BANK_ERROR,4,0.94,0,0
98418.56,WALLET,INVALID_DETAILS,2,0.46,0,0
85157.91,NET_BANKING,TIMEOUT,3,0.42,0,0
59783.53,UPI,UNKNOWN,0,0.36,0,0
32274.46,WALLET,UNKNOWN,1,0.61,1,1
4517.5,UPI,TIMEOUT,2,0.66,0,1
90893.36,NET_BANKING,UNKNOWN,4,0.91,1,0
47353.34,WALLET,INSUFFICIENT_FUNDS,2,0.86,0,0
22408.44,NET_BANKING,INVALID_DETAILS,2,0.75,0,1
32935.51,NET_BANKING,LIMIT_EXCEEDED,3,0.6,0,0
85332.67,UPI,INVALID_DETAILS,1,0.83,1,0
71009.8,NET_BANKING,TIMEOUT,3,0.96,0,1
86864.22,UPI,INSUFFICIENT_FUNDS,3,0.3,1,0
96813.99,WALLET,INSUFFICIENT_FUNDS,0,0.9,0,0
20541.05,WALLET,INSUFFICIENT_FUNDS,0,0.92,0,1
74959.17,CARD,INVALID_DETAILS,4,0.73,1,0
1199.73,WALLET,NETWORK_ERROR,3,0.91,0,0
57438.37,WALLET,LIMIT_EXCEEDED,4,0.39,0,0
69745.2,UPI,UNKNOWN,1,0.44,0,0
67824.3,CARD,LIMIT_EXCEEDED,2,0.8,1,0
51496.69,UPI,LIMIT_EXCEEDED,2,0.83,1,0
5589.38,UPI,INVALID_DETAILS,0,0.62,0,0
98031.68,NET_BANKING,UNKNOWN,2,0.51,0,0
11476.77,UPI,TIMEOUT,3,0.7,0,1
64204.83,NET_BANKING,NETWORK_ERROR,1,0.5,0,0
11357.95,WALLET,INSUFFICIENT_FUNDS,2,0.47,1,0
92129.71,NET_BANKING,INVALID_DETAILS,4,0.8,0,0
57444.02,WALLET,NETWORK_ERROR,4,0.88,0,1
67357.14,NET_BANKING,TIMEOUT,4,0.35,0,0
22199.05,NET_BANKING,INVALID_DETAILS,0,0.63,0,0
67157.43,WALLET,TIMEOUT,3,0.36,0,1
62828.6,WALLET,LIMIT_EXCEEDED,4,0.45,1,0
71691.91,NET_BANKING,NETWORK_ERROR,0,0.46,0,0
34336.72,NET_BANKING,INVALID_DETAILS,0,0.8,0,0
14255.34,WALLET,NETWORK_ERROR,1,0.41,0,0
33435.95,UPI,NETWORK_ERROR,4,0.61,0,1
14395.58,CARD,BANK_ERROR,2,0.63,0,0
33309.05,UPI,LIMIT_EXCEEDED,1,0.78,0,0
98676.11,UPI,BANK_ERROR,0,0.33,0,1
42100.62,NET_BANKING,NETWORK_ERROR,2,0.68,0,1
16431.69,CARD,INVALID_DETAILS,4,0.36,0,0
78676.71,WALLET,NETWORK_ERROR,0,0.6,0,1
86995.71,CARD,INVALID_DETAILS,0,0.55,0,0
35593.76,UPI,NETWORK_ERROR,2,0.55,0,1
96967.76,CARD,INVALID_DETAILS,2,0.59,0,0
60768.66,NET_BANKING,UNKNOWN,1,0.46,0,0
19572.77,UPI,NETWORK_ERROR,3,0.32,1,0
24797.55,WALLET,INVALID_DETAILS,1,0.94,0,0
18782.3,CARD,BANK_ERROR,0,0.68,0,1
40340.9,WALLET,UNKNOWN,4,0.33,0,0
95640.48,UPI,BANK_ERROR,0,0.34,1,1
61354.34,WALLET,TIMEOUT,4,0.62,0,0
72947.53,CARD,INVALID_DETAILS,1,0.81,0,0
83988.42,CARD,LIMIT_EXCEEDED,3,0.83,1,1
34048.91,UPI,TIMEOUT,0,0.41,0,1
56142.95,CARD,LIMIT_EXCEEDED,1,0.74,0,1
78050.68,NET_BANKING,NETWORK_ERROR,4,0.68,0,0
44767.99,CARD,LIMIT_EXCEEDED,1,0.34,0,0
52096.03,UPI,INSUFFICIENT_FUNDS,1,0.59,1,0
26239.28,WALLET,NETWORK_ERROR,4,0.69,0,1
41131.01,WALLET,UNKNOWN,0,0.74,0,0
26078.43,NET_BANKING,BANK_ERROR,2,0.61,0,0
47192.72,NET_BANKING,INSUFFICIENT_FUNDS,3,0.3,1,0
47076.22,UPI,TIMEOUT,0,0.4,1,0
95372.83,CARD,LIMIT_EXCEEDED,2,0.41,1,0
51508.63,CARD,TIMEOUT,0,0.78,0,1
630.33,CARD,UNKNOWN,3,0.35,1,0
39025.66,WALLET,LIMIT_EXCEEDED,4,0.31,0,0
64305.71,WALLET,NETWORK_ERROR,3,0.96,1,0
14862.35,CARD,INSUFFICIENT_FUNDS,1,0.82,0,0
24203.13,NET_BANKING,INVALID_DETAILS,2,0.36,0,1
60591.06,NET_BANKING,LIMIT_EXCEEDED,0,0.66,0,1
616.88,WALLET,TIMEOUT,0,0.55,0,0
72590.85,UPI,TIMEOUT,2,0.34,0,0
58108.63,WALLET,LIMIT_EXCEEDED,3,0.61,0,0
8782.13,UPI,NETWORK_ERROR,0,0.36,1,1
47163.69,UPI,TIMEOUT,4,0.8,0,1
5282.49,NET_BANKING,INVALID_DETAILS,2,0.68,0,0
23349.53,CARD,INSUFFICIENT_FUNDS,0,0.31,0,0
36765.2,WALLET,NETWORK_ERROR,3,0.76,0,0
42514.96,WALLET,INVALID_DETAILS,2,0.47,0,0
67981.03,NET_BANKING,INVALID_DETAILS,1,0.34,0,0
77966.75,CARD,TIMEOUT,2,0.33,0,0
19171.59,WALLET,UNKNOWN,4,0.82,0,0
39849.23,WALLET,TIMEOUT,4,0.38,0,1
53254.35,NET_BANKING,TIMEOUT,0,0.85,0,0
80093.89,NET_BANKING,LIMIT_EXCEEDED,3,0.65,0,0
3968.58,UPI,BANK_ERROR,2,0.64,0,1
35870.73,NET_BANKING,NETWORK_ERROR,2,0.32,1,0
18674.41,NET_BANKING,UNKNOWN,1,0.52,0,1
90185.54,UPI,INVALID_DETAILS,0,0.92,1,0
7546.62,NET_BANKING,TIMEOUT,3,0.91,1,0
32489.95,CARD,UNKNOWN,1,0.35,0,0
50257.97,CARD,INSUFFICIENT_FUNDS,3,0.79,0,0
85216.43,UPI,UNKNOWN,0,0.9,0,1
15908.9,WALLET,INVALID_DETAILS,1,0.31,0,0
82352.28,WALLET,UNKNOWN,4,0.89,1,0
75990.27,NET_BANKING,TIMEOUT,2,0.71,1,0
989.53,CARD,LIMIT_EXCEEDED,1,0.94,0,0
25580.96,WALLET,UNKNOWN,1,0.35,0,1
33926.93,UPI,UNKNOWN,2,0.53,0,0
42670.42,WALLET,LIMIT_EXCEEDED,4,0.65,1,0
52711.3,WALLET,NETWORK_ERROR,2,0.49,1,0
29843.64,UPI,BANK_ERROR,2,0.3,1,1
93594.2,CARD,TIMEOUT,0,0.77,1,0
33620.7,UPI,INVALID_DETAILS,4,0.44,0,0
3207.93,CARD,UNKNOWN,2,0.87,1,0
60602.26,WALLET,INVALID_DETAILS,2,0.58,0,0
80430.08,CARD,INVALID_DETAILS,1,0.78,0,1
94218.39,WALLET,INSUFFICIENT_FUNDS,3,0.53,0,0
96796.14,UPI,TIMEOUT,0,0.39,0,0
24506.61,UPI,BANK_ERROR,3,0.95,0,0
71689.59,WALLET,INSUFFICIENT_FUNDS,4,0.58,0,0
87496.61,WALLET,BANK_ERROR,0,0.84,0,1
54588.83,UPI,TIMEOUT,4,0.88,1,0
79895.66,WALLET,TIMEOUT,0,0.52,0,0
33467.25,WALLET,TIMEOUT,1,0.54,0,1
52527.09,UPI,BANK_ERROR,4,0.76,0,1
17549.91,WALLET,TIMEOUT,4,0.33,0,0
39316.27,NET_BANKING,BANK_ERROR,4,0.64,0,0
99019.77,WALLET,INSUFFICIENT_FUNDS,2,0.4,0,0
67613.92,WALLET,INSUFFICIENT_FUNDS,1,0.44,0,1
43542.78,WALLET,LIMIT_EXCEEDED,3,0.97,0,0
75022.72,WALLET,BANK_ERROR,3,0.94,0,1
46545.46,WALLET,INSUFFICIENT_FUNDS,1,0.4,1,0
56323.29,NET_BANKING,TIMEOUT,0,0.95,0,0
23141.82,CARD,NETWORK_ERROR,2,0.85,0,1
42815.64,CARD,INVALID_DETAILS,1,0.88,0,0
4136.79,NET_BANKING,NETWORK_ERROR,1,0.53,0,1
6559.12,CARD,UNKNOWN,3,0.45,0,0
92484.54,WALLET,INSUFFICIENT_FUNDS,2,0.78,0,0
15663.1,NET_BANKING,NETWORK_ERROR,2,0.92,1,0
68551.35,WALLET,TIMEOUT,0,0.5,0,0
53974.98,UPI,NETWORK_ERROR,4,0.59,0,0
23668.24,WALLET,UNKNOWN,2,0.56,0,0
51732.48,NET_BANKING,INVALID_DETAILS,3,0.64,0,0
62548.17,UPI,INVALID_DETAILS,1,0.49,1,0
91842.97,WALLET,INSUFFICIENT_FUNDS,0,0.75,0,1
61688.53,NET_BANKING,LIMIT_EXCEEDED,4,0.76,0,0
3661.49,WALLET,INSUFFICIENT_FUNDS,4,0.7,0,1
71981.88,CARD,UNKNOWN,1,0.69,0,1
94559.58,WALLET,INSUFFICIENT_FUNDS,3,0.4,0,0
62643.15,NET_BANKING,LIMIT_EXCEEDED,0,0.33,0,0
22236.74,WALLET,NETWORK_ERROR,1,0.52,0,0
45260.25,CARD,LIMIT_EXCEEDED,3,0.35,0,0
43433.59,NET_BANKING,TIMEOUT,4,0.75,0,0
57050.42,NET_BANKING,NETWORK_ERROR,0,0.91,0,1
63104.77,CARD,LIMIT_EXCEEDED,0,0.6,0,0
95728.4,NET_BANKING,INSUFFICIENT_FUNDS,4,0.45,0,0
13532.66,NET_BANKING,BANK_ERROR,0,0.94,1,1
77596.78,UPI,TIMEOUT,2,0.37,0,0
9706.87,NET_BANKING,TIMEOUT,2,0.78,0,0
4515.84,CARD,TIMEOUT,3,0.82,0,1
73199.79,CARD,NETWORK_ERROR,0,0.43,0,1
72487.8,UPI,UNKNOWN,1,0.8,0,1
73810.07,CARD,LIMIT_EXCEEDED,1,0.98,0,0
79532.74,UPI,LIMIT_EXCEEDED,2,0.36,0,0
36488.89,CARD,NETWORK_ERROR,3,0.69,1,0
28590.16,WALLET,LIMIT_EXCEEDED,2,0.36,0,0
40960.31,UPI,LIMIT_EXCEEDED,4,0.36,0,0
96341.65,CARD,NETWORK_ERROR,4,0.78,0,1
76830.14,WALLET,INVALID_DETAILS,1,0.91,0,1
49610.1,NET_BANKING,UNKNOWN,1,0.38,0,0
62114.96,CARD,LIMIT_EXCEEDED,0,0.98,0,0
30878.88,UPI,BANK_ERROR,4,0.66,1,0
53065.03,UPI,LIMIT_EXCEEDED,3,0.76,0,1
12143.21,UPI,INVALID_DETAILS,4,0.89,0,1
22087.34,NET_BANKING,TIMEOUT,4,0.79,0,0
23733.71,WALLET,UNKNOWN,3,0.63,0,0
69729.37,UPI,TIMEOUT,0,0.31,0,0
9678.05,UPI,LIMIT_EXCEEDED,3,0.5,0,1
24298.19,CARD,UNKNOWN,1,0.32,0,0
59447.15,WALLET,INSUFFICIENT_FUNDS,3,0.35,1,0
6274.12,WALLET,TIMEOUT,2,0.81,0,0
46193.41,CARD,INSUFFICIENT_FUNDS,3,0.81,0,1
19986.7,WALLET,INVALID_DETAILS,4,0.8,0,0
74563.14,UPI,NETWORK_ERROR,3,0.96,0,0
57546.45,WALLET,UNKNOWN,1,0.34,0,1
34864.31,NET_BANKING,TIMEOUT,4,0.89,0,0
86199.03,CARD,UNKNOWN,1,0.45,0,0
74347.85,NET_BANKING,LIMIT_EXCEEDED,0,0.83,1,0
27797.65,UPI,LIMIT_EXCEEDED,3,0.43,0,0
3546.77,WALLET,NETWORK_ERROR,4,0.83,0,0
69502.21,CARD,LIMIT_EXCEEDED,1,0.47,0,1
57988.1,CARD,BANK_ERROR,4,0.88,0,0
14566.64,NET_BANKING,LIMIT_EXCEEDED,2,0.81,0,0
21551.51,UPI,LIMIT_EXCEEDED,3,0.83,0,0
16926.77,CARD,TIMEOUT,3,0.67,0,0
39939.74,CARD,BANK_ERROR,1,0.66,0,1
25905.95,NET_BANKING,LIMIT_EXCEEDED,2,0.58,0,0
94401.15,NET_BANKING,INSUFFICIENT_FUNDS,3,0.46,0,0
11012.09,NET_BANKING,NETWORK_ERROR,1,0.69,0,1
36155.85,NET_BANKING,INSUFFICIENT_FUNDS,4,0.37,0,0
44221.53,UPI,INVALID_DETAILS,2,0.78,0,1
54131.99,UPI,INSUFFICIENT_FUNDS,2,0.56,0,0
8074.74,CARD,TIMEOUT,0,0.83,0,1
38218.84,NET_BANKING,NETWORK_ERROR,1,0.8,1,1
75429.43,CARD,TIMEOUT,3,0.36,0,0
87789.86,NET_BANKING,INVALID_DETAILS,2,0.49,0,0
41322.01,WALLET,INSUFFICIENT_FUNDS,0,0.46,0,1
95550.46,CARD,BANK_ERROR,3,0.83,0,1
58910.97,NET_BANKING,INVALID_DETAILS,1,0.77,0,0
39362.6,CARD,LIMIT_EXCEEDED,2,0.75,0,1
68078.43,WALLET,INSUFFICIENT_FUNDS,4,0.43,0,0
8960.85,NET_BANKING,INSUFFICIENT_FUNDS,4,0.38,0,0
26332.36,UPI,BANK_ERROR,2,0.86,0,1
74677.76,WALLET,UNKNOWN,3,0.32,0,0
57256.04,NET_BANKING,INVALID_DETAILS,0,0.51,0,0
28865.84,WALLET,TIMEOUT,4,0.52,0,0
75281.52,WALLET,UNKNOWN,2,0.87,0,1
1271.36,UPI,INSUFFICIENT_FUNDS,3,0.96,0,1
27454.76,WALLET,LIMIT_EXCEEDED,2,0.77,0,1
67578.71,WALLET,INVALID_DETAILS,1,0.67,0,0
51681.51,WALLET,INVALID_DETAILS,0,0.77,0,0
46779.77,UPI,BANK_ERROR,4,0.49,0,0
73897.86,CARD,INSUFFICIENT_FUNDS,2,0.89,1,0
70035.66,NET_BANKING,BANK_ERROR,1,0.51,0,0
88756.36,CARD,INVALID_DETAILS,1,0.63,1,0
86014.8,WALLET,LIMIT_EXCEEDED,4,0.38,0,0
88583.4,WALLET,NETWORK_ERROR,3,0.95,0,1
52006.43,CARD,INVALID_DETAILS,0,0.87,0,0
52413.19,NET_BANKING,INSUFFICIENT_FUNDS,0,0.63,1,0
12366.4,NET_BANKING,TIMEOUT,2,0.47,0,0
85697.74,CARD,INSUFFICIENT_FUNDS,4,0.61,0,0
87379.7,WALLET,BANK_ERROR,4,0.92,0,1
49955.65,WALLET,NETWORK_ERROR,4,0.76,0,1
56251.59,UPI,INVALID_DETAILS,1,0.53,0,1
9111.34,UPI,LIMIT_EXCEEDED,1,0.81,0,0
6510.08,WALLET,INVALID_DETAILS,3,0.58,0,0
91101.17,CARD,LIMIT_EXCEEDED,1,0.86,0,0
40549.85,CARD,INSUFFICIENT_FUNDS,0,0.86,0,0
1457.81,UPI,TIMEOUT,0,0.85,0,1
63335.61,WALLET,INVALID_DETAILS,3,0.81,1,0
80154.57,UPI,LIMIT_EXCEEDED,4,0.46,1,0
69676.82,WALLET,TIMEOUT,2,0.67,0,1
41279.66,UPI,UNKNOWN,3,0.84,0,0
44443.36,WALLET,TIMEOUT,3,0.55,0,0
16435.89,UPI,TIMEOUT,4,0.48,0,1
91984.03,UPI,BANK_ERROR,2,0.53,0,1
44027.6,CARD,TIMEOUT,4,0.97,0,1
74447.57,NET_BANKING,NETWORK_ERROR,1,0.95,0,1
1505.86,UPI,TIMEOUT,2,0.83,0,1
9110.87,NET_BANKING,BANK_ERROR,1,0.48,0,1
12951.87,CARD,TIMEOUT,4,0.7,0,0
84135.95,CARD,TIMEOUT,3,0.71,0,0
23439.54,NET_BANKING,BANK_ERROR,1,0.66,0,1
94673.62,CARD,TIMEOUT,1,0.91,0,1
34033.35,CARD,INSUFFICIENT_FUNDS,0,0.46,0,0
73468.23,UPI,INSUFFICIENT_FUNDS,4,0.77,0,0
93592.76,UPI,BANK_ERROR,3,0.31,0,0
20066.96,UPI,INVALID_DETAILS,4,0.9,1,0
40163.06,UPI,BANK_ERROR,2,0.74,1,1
46741.63,WALLET,INSUFFICIENT_FUNDS,4,0.66,0,0
11810.34,WALLET,LIMIT_EXCEEDED,3,0.67,0,0
35975.95,NET_BANKING,INVALID_DETAILS,1,0.37,0,0
22634.56,CARD,TIMEOUT,2,0.32,0,0
45305.07,WALLET,LIMIT_EXCEEDED,4,0.55,0,0
52854.22,CARD,INVALID_DETAILS,4,0.33,1,0
47140.54,CARD,INVALID_DETAILS,1,0.35,0,0
59589.36,NET_BANKING,UNKNOWN,4,0.86,0,0
78048.05,UPI,BANK_ERROR,2,0.31,0,0
65110.37,WALLET,INVALID_DETAILS,0,0.57,0,0
42046.34,UPI,UNKNOWN,2,0.86,1,0
14661.43,NET_BANKING,INVALID_DETAILS,4,0.36,0,0
31386.74,WALLET,TIMEOUT,1,0.4,0,0
24580.34,WALLET,NETWORK_ERROR,1,0.69,0,0
61701.13,NET_BANKING,INSUFFICIENT_FUNDS,1,0.68,0,0
41768.44,WALLET,UNKNOWN,2,0.43,0,0
3615.48,CARD,INVALID_DETAILS,0,0.31,0,0
94031.46,WALLET,INVALID_DETAILS,3,0.45,0,0
79575.58,CARD,INVALID_DETAILS,1,0.42,0,0
27156.22,CARD,LIMIT_EXCEEDED,0,0.59,0,1
12822.32,UPI,NETWORK_ERROR,4,0.65,0,0
74905.09,CARD,UNKNOWN,1,0.58,0,0
76994.98,CARD,INVALID_DETAILS,3,0.65,1,0
9590.89,WALLET,UNKNOWN,0,0.84,1,0
49817.06,WALLET,NETWORK_ERROR,2,0.73,1,1
75247.1,CARD,INVALID_DETAILS,2,0.58,1,0
49628.88,CARD,INVALID_DETAILS,1,0.67,1,0
78744.72,NET_BANKING,BANK_ERROR,4,0.94,0,1
34804.67,UPI,LIMIT_EXCEEDED,1,0.6,0,0
59544.79,CARD,TIMEOUT,2,0.47,0,0
40626.03,NET_BANKING,LIMIT_EXCEEDED,1,0.64,0,0
15404.8,UPI,LIMIT_EXCEEDED,4,0.74,0,0
95254.04,CARD,NETWORK_ERROR,1,0.5,0,0
59689.03,CARD,INSUFFICIENT_FUNDS,1,0.86,0,0
50688.19,UPI,INSUFFICIENT_FUNDS,4,0.67,0,0
62378.83,WALLET,TIMEOUT,0,0.92,1,1
40534.94,WALLET,NETWORK_ERROR,3,0.59,1,0
8650.9,UPI,BANK_ERROR,1,0.38,0,0
72838.94,WALLET,INVALID_DETAILS,2,0.97,1,0
71240.23,UPI,INVALID_DETAILS,4,0.91,0,0
12701.01,CARD,BANK_ERROR,1,0.55,1,0
40408.72,UPI,UNKNOWN,1,0.65,0,0
3078.25,NET_BANKING,UNKNOWN,3,0.43,1,0
88485.62,UPI,BANK_ERROR,2,0.85,0,0
91166.45,UPI,TIMEOUT,0,0.71,1,0
19374.43,WALLET,INVALID_DETAILS,2,0.32,0,0
67348.37,CARD,UNKNOWN,4,0.58,0,0
66196.3,UPI,TIMEOUT,0,0.66,0,1
85143.63,CARD,UNKNOWN,4,0.92,0,0
70348.47,WALLET,INSUFFICIENT_FUNDS,1,0.95,0,1
76359.41,NET_BANKING,LIMIT_EXCEEDED,2,0.41,0,0
86030.69,NET_BANKING,INSUFFICIENT_FUNDS,0,0.94,0,0
93595.56,WALLET,TIMEOUT,2,0.66,0,0
25861.22,UPI,TIMEOUT,3,0.37,0,0
74195.32,UPI,INVALID_DETAILS,1,0.92,0,0
94347.66,WALLET,NETWORK_ERROR,3,0.76,0,0
5282.6,UPI,LIMIT_EXCEEDED,0,0.91,0,0
78101.4,CARD,BANK_ERROR,0,0.42,0,0
77014.13,CARD,INSUFFICIENT_FUNDS,3,0.84,0,0
66443.62,WALLET,LIMIT_EXCEEDED,4,0.78,0,0
70537.33,UPI,LIMIT_EXCEEDED,3,0.88,0,0
34706.1,UPI,INSUFFICIENT_FUNDS,1,0.81,0,1
12683.69,NET_BANKING,UNKNOWN,0,0.94,1,1
74841.55,WALLET,UNKNOWN,0,0.9,0,1
10669.58,UPI,UNKNOWN,4,0.87,0,0
28408.7,NET_BANKING,INSUFFICIENT_FUNDS,3,0.31,0,0
3955.79,CARD,INVALID_DETAILS,3,0.48,0,0
68583.57,NET_BANKING,LIMIT_EXCEEDED,0,0.63,0,1
30852.39,UPI,NETWORK_ERROR,4,0.54,0,1
84873.21,NET_BANKING,TIMEOUT,3,0.81,1,0
34866.95,UPI,INSUFFICIENT_FUNDS,3,0.94,0,0
63186.47,UPI,TIMEOUT,2,0.76,0,1
90710.34,CARD,UNKNOWN,3,0.39,0,0
75976.22,WALLET,BANK_ERROR,4,0.57,0,0
52448.29,NET_BANKING,UNKNOWN,3,0.9,1,0
67674.71,WALLET,INVALID_DETAILS,0,0.38,0,0
74728.15,NET_BANKING,INSUFFICIENT_FUNDS,1,0.34,0,0
13647.62,UPI,INVALID_DETAILS,1,0.52,0,1
15561.47,WALLET,UNKNOWN,0,0.3,0,0
62120.47,WALLET,INSUFFICIENT_FUNDS,3,0.42,0,1
77385.11,UPI,INVALID_DETAILS,2,0.92,0,0
19247.57,UPI,LIMIT_EXCEEDED,2,0.55,0,0
83017.44,CARD,NETWORK_ERROR,1,0.46,0,0
1159.56,UPI,BANK_ERROR,4,0.48,0,1
11345.78,NET_BANKING,INVALID_DETAILS,0,0.49,0,0
79106.8,CARD,NETWORK_ERROR,1,0.76,0,1
76324.88,CARD,INVALID_DETAILS,2,0.33,0,0
93090.73,CARD,BANK_ERROR,0,0.45,1,0
90169.53,UPI,LIMIT_EXCEEDED,0,0.74,0,0
15485.08,NET_BANKING,BANK_ERROR,3,0.53,0,0
80650.49,CARD,INVALID_DETAILS,2,0.55,0,0
94443.93,NET_BANKING,UNKNOWN,1,0.58,0,0
14798.76,WALLET,UNKNOWN,1,0.51,0,1
32532.01,NET_BANKING,INSUFFICIENT_FUNDS,0,0.91,1,0
55577.09,NET_BANKING,INSUFFICIENT_FUNDS,1,0.47,0,0
19075.45,WALLET,BANK_ERROR,0,0.97,0,1
91550.63,UPI,LIMIT_EXCEEDED,1,0.67,0,0
82865.67,WALLET,INSUFFICIENT_FUNDS,1,0.34,0,1
84279.39,CARD,INVALID_DETAILS,3,0.68,1,0
75131.51,CARD,TIMEOUT,1,0.36,0,1
89898.55,UPI,NETWORK_ERROR,2,0.45,0,0
28097.61,NET_BANKING,NETWORK_ERROR,1,0.7,1,1
70928.82,NET_BANKING,NETWORK_ERROR,1,0.45,1,0
10120.13,UPI,INVALID_DETAILS,2,0.45,0,0
93317.27,CARD,LIMIT_EXCEEDED,3,0.87,0,1
5047.96,CARD,UNKNOWN,2,0.45,0,0
74019.85,NET_BANKING,UNKNOWN,4,0.79,0,0
9685.87,WALLET,LIMIT_EXCEEDED,3,0.34,0,0
15767.92,NET_BANKING,BANK_ERROR,3,0.6,0,0
29202.37,UPI,BANK_ERROR,1,0.38,0,0
32488.55,UPI,TIMEOUT,0,0.5,0,0
73317.67,CARD,UNKNOWN,3,0.68,0,0
49888.77,UPI,TIMEOUT,0,0.45,0,0
76350.86,WALLET,INSUFFICIENT_FUNDS,0,0.76,0,0
16624.4,CARD,INSUFFICIENT_FUNDS,1,0.84,1,0
92829.16,WALLET,UNKNOWN,4,0.41,1,0
13799.5,NET_BANKING,INVALID_DETAILS,1,0.71,0,0
72331.29,NET_BANKING,INVALID_DETAILS,4,0.98,0,0
4150.06,WALLET,TIMEOUT,3,0.32,0,0
9902.82,CARD,NETWORK_ERROR,2,0.44,0,0
58038.67,UPI,INSUFFICIENT_FUNDS,4,0.75,0,1
26508.13,UPI,INSUFFICIENT_FUNDS,3,0.81,0,1
75835.65,UPI,NETWORK_ERROR,4,0.78,0,1
94994.2,UPI,INSUFFICIENT_FUNDS,3,0.79,1,0
98494.3,NET_BANKING,LIMIT_EXCEEDED,2,0.41,1,0
20134.69,UPI,BANK_ERROR,3,0.43,0,0
49141.68,WALLET,TIMEOUT,4,0.63,0,1
78937.14,WALLET,INSUFFICIENT_FUNDS,1,0.87,0,1
59763.72,NET_BANKING,BANK_ERROR,4,0.32,1,0
18326.04,WALLET,UNKNOWN,1,0.43,1,0
49255.85,WALLET,INSUFFICIENT_FUNDS,2,0.89,0,1
61174.06,NET_BANKING,NETWORK_ERROR,4,0.96,0,0
41563.47,NET_BANKING,TIMEOUT,4,0.41,0,0
1770.24,UPI,UNKNOWN,4,0.95,0,1
82017.64,NET_BANKING,UNKNOWN,3,0.78,0,0
80172.82,UPI,NETWORK_ERROR,3,0.45,0,0
57443.44,WALLET,INVALID_DETAILS,1,0.56,0,0
39743.14,UPI,UNKNOWN,1,0.82,0,1
67625.36,UPI,NETWORK_ERROR,4,0.84,1,0
89632.61,NET_BANKING,LIMIT_EXCEEDED,3,0.37,0,0
61997.22,CARD,UNKNOWN,3,0.62,0,0
67943.98,UPI,UNKNOWN,3,0.76,0,1
83750.96,WALLET,INSUFFICIENT_FUNDS,4,0.59,0,0
53836.05,WALLET,UNKNOWN,0,0.32,1,0
20446.42,NET_BANKING,LIMIT_EXCEEDED,3,0.97,0,0
83143.94,NET_BANKING,UNKNOWN,1,0.95,0,1
27518.42,WALLET,INSUFFICIENT_FUNDS,1,0.56,0,0
65956.36,NET_BANKING,LIMIT_EXCEEDED,3,0.85,0,0
65754.35,WALLET,TIMEOUT,4,0.48,1,0
74585.87,NET_BANKING,NETWORK_ERROR,1,0.49,0,0
64953.56,CARD,NETWORK_ERROR,0,0.83,0,1
64921.62,NET_BANKING,INVALID_DETAILS,4,0.72,0,0
26240.48,UPI,BANK_ERROR,3,0.85,0,0
3737.54,WALLET,LIMIT_EXCEEDED,0,0.55,1,0
37501.41,WALLET,LIMIT_EXCEEDED,1,0.43,1,0
38287.6,UPI,INVALID_DETAILS,2,0.85,0,0
6008.58,NET_BANKING,INSUFFICIENT_FUNDS,2,0.3,0,0
70799.12,UPI,NETWORK_ERROR,0,0.33,0,0
87000.26,WALLET,INVALID_DETAILS,4,0.59,0,0
46994.27,WALLET,NETWORK_ERROR,3,0.89,0,0
95188.51,WALLET,BANK_ERROR,4,0.72,0,0
78364.68,NET_BANKING,UNKNOWN,0,0.34,0,0
43902.96,WALLET,UNKNOWN,4,0.37,1,0
97686.95,NET_BANKING,LIMIT_EXCEEDED,3,0.62,0,0
23987.87,UPI,TIMEOUT,0,0.48,0,1
65702.43,NET_BANKING,INVALID_DETAILS,3,0.66,0,1
80951.91,NET_BANKING,INVALID_DETAILS,1,0.58,0,1
40647.02,WALLET,NETWORK_ERROR,3,0.81,0,0
91473.1,UPI,BANK_ERROR,4,0.42,0,0
57213.54,CARD,BANK_ERROR,3,0.61,0,0
96556.56,UPI,INVALID_DETAILS,1,0.92,0,0
44866.48,NET_BANKING,INVALID_DETAILS,4,0.83,0,1
4964.58,WALLET,UNKNOWN,2,0.38,0,1
49847.82,WALLET,LIMIT_EXCEEDED,1,0.82,0,0
51472.89,CARD,UNKNOWN,0,0.46,1,0
21700.14,NET_BANKING,INVALID_DETAILS,2,0.77,0,0
62209.01,WALLET,BANK_ERROR,4,0.34,0,0
55631.06,CARD,UNKNOWN,3,0.85,0,0
43088.25,NET_BANKING,INVALID_DETAILS,4,0.64,0,0
88931.37,NET_BANKING,INVALID_DETAILS,4,0.45,0,0
3850.59,NET_BANKING,TIMEOUT,0,0.87,0,1
78233.17,UPI,INVALID_DETAILS,2,0.41,0,0
60012.6,WALLET,TIMEOUT,1,0.45,1,1
24965.83,WALLET,NETWORK_ERROR,2,0.96,0,0
59520.28,NET_BANKING,NETWORK_ERROR,0,0.85,0,1
12188.76,NET_BANKING,BANK_ERROR,0,0.68,0,1
20447.55,CARD,INVALID_DETAILS,0,0.82,0,1
90902.28,NET_BANKING,LIMIT_EXCEEDED,0,0.83,0,0
6063.62,NET_BANKING,NETWORK_ERROR,4,0.5,0,0
44624.77,WALLET,LIMIT_EXCEEDED,3,0.9,1,0
15460.91,NET_BANKING,INVALID_DETAILS,2,0.46,0,1
16103.0,CARD,UNKNOWN,1,0.82,0,1
13584.66,NET_BANKING,UNKNOWN,0,0.64,0,1
46970.27,WALLET,UNKNOWN,4,0.83,0,0
4581.36,UPI,LIMIT_EXCEEDED,0,0.69,1,1
74303.26,WALLET,TIMEOUT,0,0.76,0,0
29770.03,NET_BANKING,LIMIT_EXCEEDED,0,0.9,0,1
14054.91,NET_BANKING,NETWORK_ERROR,3,0.78,0,0
44640.16,WALLET,LIMIT_EXCEEDED,2,0.54,0,0
93448.48,NET_BANKING,UNKNOWN,2,0.65,0,0
71324.66,CARD,TIMEOUT,3,0.83,0,0
62944.75,WALLET,NETWORK_ERROR,2,0.69,0,0
12188.46,CARD,LIMIT_EXCEEDED,3,0.4,0,0
25207.78,WALLET,LIMIT_EXCEEDED,0,0.31,0,0
89324.38,NET_BANKING,LIMIT_EXCEEDED,2,0.69,0,0
72102.97,UPI,TIMEOUT,3,0.39,1,0
84622.7,UPI,BANK_ERROR,2,0.55,0,1
17291.22,WALLET,TIMEOUT,3,0.48,0,1
15909.03,CARD,TIMEOUT,1,0.76,0,0
94220.42,NET_BANKING,INSUFFICIENT_FUNDS,1,0.49,0,0
5417.82,NET_BANKING,NETWORK_ERROR,2,0.53,0,1
62437.46,NET_BANKING,UNKNOWN,2,0.93,0,1
56045.24,CARD,BANK_ERROR,2,0.84,0,0
41753.92,UPI,LIMIT_EXCEEDED,4,0.54,0,0
58262.65,UPI,LIMIT_EXCEEDED,3,0.82,0,1
9335.05,NET_BANKING,INVALID_DETAILS,3,0.68,0,0
45950.77,CARD,BANK_ERROR,3,0.68,0,0
96569.89,UPI,INVALID_DETAILS,3,0.32,1,0
98340.74,NET_BANKING,INVALID_DETAILS,0,0.97,0,0
55410.86,UPI,INSUFFICIENT_FUNDS,0,0.55,0,1
28861.03,UPI,LIMIT_EXCEEDED,1,0.77,0,0
43626.19,WALLET,LIMIT_EXCEEDED,0,0.43,0,0
54562.65,WALLET,LIMIT_EXCEEDED,1,0.94,0,0
53057.23,NET_BANKING,TIMEOUT,4,0.37,0,0
25222.35,NET_BANKING,UNKNOWN,1,0.8,1,0
9724.15,NET_BANKING,BANK_ERROR,3,0.6,0,0
41596.33,NET_BANKING,UNKNOWN,0,0.48,1,0
17062.15,WALLET,LIMIT_EXCEEDED,3,0.58,0,0
52069.18,WALLET,TIMEOUT,2,0.49,1,0
44863.49,UPI,NETWORK_ERROR,2,0.56,1,0
61852.15,NET_BANKING,BANK_ERROR,0,0.85,0,1
65532.65,CARD,LIMIT_EXCEEDED,2,0.31,0,0
58541.93,UPI,UNKNOWN,4,0.94,0,0
39165.8,WALLET,INVALID_DETAILS,4,0.34,0,0
84058.33,CARD,BANK_ERROR,1,0.48,1,1
5719.03,WALLET,BANK_ERROR,1,0.63,1,1
38987.21,UPI,BANK_ERROR,4,0.58,0,0
96384.29,WALLET,LIMIT_EXCEEDED,1,0.33,0,0
38811.7,NET_BANKING,INVALID_DETAILS,3,0.75,0,0
38844.62,UPI,INSUFFICIENT_FUNDS,2,0.53,0,0
48158.26,WALLET,NETWORK_ERROR,2,0.94,0,1
22807.04,WALLET,INSUFFICIENT_FUNDS,2,0.58,0,1
88339.63,NET_BANKING,BANK_ERROR,0,0.34,0,0
43413.73,NET_BANKING,TIMEOUT,0,0.89,0,1
63341.43,UPI,LIMIT_EXCEEDED,4,0.54,0,0
62921.28,CARD,BANK_ERROR,2,0.9,1,0
62777.84,CARD,BANK_ERROR,1,0.78,1,0
42619.77,CARD,BANK_ERROR,3,0.76,0,1
20843.3,UPI,INSUFFICIENT_FUNDS,3,0.33,1,0
82435.65,UPI,INSUFFICIENT_FUNDS,2,0.4,1,0
46183.24,NET_BANKING,LIMIT_EXCEEDED,3,0.55,1,0
47571.61,CARD,NETWORK_ERROR,4,0.72,0,0
21949.09,CARD,INSUFFICIENT_FUNDS,2,0.94,0,1
89736.56,NET_BANKING,INSUFFICIENT_FUNDS,1,0.33,0,0
89763.7,CARD,INSUFFICIENT_FUNDS,3,0.67,0,0
20516.05,WALLET,INSUFFICIENT_FUNDS,2,0.98,0,1
28700.14,UPI,LIMIT_EXCEEDED,1,0.6,0,1
42786.02,NET_BANKING,TIMEOUT,0,0.42,0,0
96818.17,NET_BANKING,LIMIT_EXCEEDED,0,0.58,0,0
34168.02,WALLET,TIMEOUT,1,0.91,0,0
74865.28,CARD,TIMEOUT,2,0.38,0,0
74958.47,WALLET,LIMIT_EXCEEDED,3,0.33,1,0
8063.53,UPI,BANK_ERROR,0,0.77,0,1
68971.53,CARD,UNKNOWN,1,0.96,0,1
80444.55,CARD,INSUFFICIENT_FUNDS,2,0.49,0,0
96847.61,WALLET,NETWORK_ERROR,3,0.86,0,1
86138.27,CARD,INSUFFICIENT_FUNDS,1,0.48,0,0
53067.9,NET_BANKING,INVALID_DETAILS,2,0.8,1,0
30806.42,UPI,NETWORK_ERROR,2,0.67,0,1
60875.78,CARD,NETWORK_ERROR,3,0.83,0,0
76513.32,UPI,NETWORK_ERROR,3,0.78,0,1
70205.44,UPI,INSUFFICIENT_FUNDS,4,0.86,0,0
26722.92,WALLET,TIMEOUT,0,0.74,0,1
82931.21,NET_BANKING,TIMEOUT,0,0.38,0,0
62428.71,CARD,UNKNOWN,1,0.93,1,1
64373.41,NET_BANKING,TIMEOUT,4,0.37,0,0
35783.29,UPI,TIMEOUT,1,0.96,1,0
7384.34,UPI,INVALID_DETAILS,2,0.79,1,0
77023.27,CARD,BANK_ERROR,0,0.63,0,1
64536.52,UPI,LIMIT_EXCEEDED,4,0.79,0,1
35363.36,NET_BANKING,UNKNOWN,2,0.86,0,0
37176.53,UPI,INVALID_DETAILS,3,0.88,0,1
26465.49,CARD,UNKNOWN,0,0.62,0,0
72263.2,WALLET,INSUFFICIENT_FUNDS,4,0.75,0,0
97830.22,WALLET,UNKNOWN,0,0.38,0,0
74080.63,UPI,LIMIT_EXCEEDED,1,0.6,0,1
28194.64,UPI,UNKNOWN,4,0.35,0,0
99469.04,WALLET,INVALID_DETAILS,3,0.75,1,0
80325.5,WALLET,TIMEOUT,3,0.88,0,0
46682.52,WALLET,LIMIT_EXCEEDED,1,0.9,0,1
64924.21,WALLET,NETWORK_ERROR,3,0.32,0,0
96194.63,NET_BANKING,TIMEOUT,4,0.77,1,1
35733.07,UPI,BANK_ERROR,2,0.57,1,0
79809.52,CARD,NETWORK_ERROR,0,0.33,0,0
26935.54,WALLET,INVALID_DETAILS,3,0.43,1,0
11744.06,WALLET,NETWORK_ERROR,4,0.61,0,0
37694.68,NET_BANKING,INVALID_DETAILS,4,0.51,1,0
58079.54,WALLET,UNKNOWN,0,0.42,0,0
61357.59,UPI,INVALID_DETAILS,3,0.91,0,1
38461.6,WALLET,INSUFFICIENT_FUNDS,4,0.36,0,0
21476.48,CARD,INVALID_DETAILS,0,0.44,0,0
55902.73,UPI,NETWORK_ERROR,3,0.66,1,0
48005.41,CARD,BANK_ERROR,2,0.87,0,1
14007.27,NET_BANKING,UNKNOWN,4,0.95,0,1
19036.51,CARD,TIMEOUT,4,0.88,1,0
12660.94,CARD,LIMIT_EXCEEDED,1,0.84,0,1
64656.52,WALLET,NETWORK_ERROR,0,0.84,1,0
81206.06,WALLET,NETWORK_ERROR,0,0.52,0,1
48510.33,UPI,TIMEOUT,2,0.44,0,1
64253.53,CARD,NETWORK_ERROR,1,0.64,0,1
35495.98,CARD,TIMEOUT,1,0.33,0,0
19215.47,NET_BANKING,TIMEOUT,2,0.97,0,1
20346.99,UPI,TIMEOUT,4,0.56,0,0
53942.16,NET_BANKING,INSUFFICIENT_FUNDS,3,0.69,0,0
64500.02,NET_BANKING,NETWORK_ERROR,0,0.34,0,1
48935.07,WALLET,NETWORK_ERROR,4,0.43,0,1
92121.84,UPI,INSUFFICIENT_FUNDS,4,0.84,1,0
41858.06,UPI,BANK_ERROR,1,0.82,1,1
95347.73,CARD,LIMIT_EXCEEDED,2,0.84,0,0
50198.71,CARD,NETWORK_ERROR,3,0.55,0,0
83793.05,NET_BANKING,UNKNOWN,1,0.56,0,1
32671.77,WALLET,BANK_ERROR,0,0.92,0,1
25440.71,WALLET,LIMIT_EXCEEDED,1,0.4,0,1
83735.08,UPI,UNKNOWN,3,0.47,0,0
91350.43,NET_BANKING,UNKNOWN,2,0.62,0,1
5547.01,CARD,LIMIT_EXCEEDED,4,0.88,0,0
77492.16,UPI,TIMEOUT,1,0.53,0,0
8998.06,CARD,INSUFFICIENT_FUNDS,1,0.41,0,0
38605.49,UPI,LIMIT_EXCEEDED,2,0.6,0,0
33909.72,UPI,BANK_ERROR,1,0.76,0,0
1727.14,NET_BANKING,LIMIT_EXCEEDED,0,0.52,0,0
55416.56,WALLET,INVALID_DETAILS,4,0.37,0,0
56799.05,NET_BANKING,BANK_ERROR,2,0.7,0,0
12056.25,UPI,INVALID_DETAILS,2,0.41,1,0
11733.85,UPI,NETWORK_ERROR,0,0.81,0,0
69490.06,WALLET,LIMIT_EXCEEDED,4,0.43,0,0
32484.02,UPI,INSUFFICIENT_FUNDS,1,0.86,0,1
4774.37,UPI,LIMIT_EXCEEDED,4,0.74,0,0
51592.23,WALLET,TIMEOUT,2,0.72,1,0
46603.44,UPI,BANK_ERROR,3,0.61,0,0
91357.52,NET_BANKING,NETWORK_ERROR,4,0.38,0,0
11811.07,UPI,INSUFFICIENT_FUNDS,0,0.43,1,1
10682.93,WALLET,UNKNOWN,4,0.82,0,0
93441.57,UPI,INVALID_DETAILS,1,0.4,0,0
47923.05,UPI,INVALID_DETAILS,1,0.98,0,1
25066.25,NET_BANKING,BANK_ERROR,1,0.67,0,0
47671.65,UPI,NETWORK_ERROR,1,0.72,0,0
66280.93,WALLET,INVALID_DETAILS,3,0.78,0,0
70229.6,WALLET,TIMEOUT,1,0.35,0,1
29565.2,UPI,INSUFFICIENT_FUNDS,1,0.87,0,1
7767.74,WALLET,BANK_ERROR,2,0.84,0,1
34962.34,UPI,TIMEOUT,4,0.7,0,0
84478.32,CARD,LIMIT_EXCEEDED,4,0.52,0,0
80591.32,CARD,UNKNOWN,4,0.69,0,0
62842.55,WALLET,LIMIT_EXCEEDED,3,0.65,0,0
4453.29,CARD,INVALID_DETAILS,1,0.54,0,1
52345.91,NET_BANKING,LIMIT_EXCEEDED,1,0.35,0,0
59520.5,UPI,INVALID_DETAILS,1,0.52,0,0
34945.0,WALLET,UNKNOWN,0,0.64,0,0
91923.28,NET_BANKING,LIMIT_EXCEEDED,2,0.75,1,0
20183.07,NET_BANKING,TIMEOUT,3,0.64,0,1
54909.99,UPI,UNKNOWN,2,0.92,0,0
26091.88,NET_BANKING,INVALID_DETAILS,2,0.49,0,0
33614.68,UPI,BANK_ERROR,1,0.78,0,1
10078.61,WALLET,BANK_ERROR,2,0.37,0,0
31207.93,UPI,INVALID_DETAILS,1,0.96,0,0
73546.4,UPI,UNKNOWN,2,0.8,0,1
88348.83,CARD,BANK_ERROR,1,0.48,0,0
50481.66,WALLET,UNKNOWN,0,0.98,0,0
17662.67,UPI,BANK_ERROR,4,0.35,0,0
81692.76,CARD,NETWORK_ERROR,2,0.76,0,0
12440.52,CARD,TIMEOUT,2,0.94,0,0
89169.2,CARD,INSUFFICIENT_FUNDS,0,0.51,0,0
89817.73,WALLET,BANK_ERROR,1,0.34,0,1
97122.66,NET_BANKING,INVALID_DETAILS,0,0.32,1,0
24723.7,WALLET,NETWORK_ERROR,4,0.95,0,0
13334.42,CARD,NETWORK_ERROR,0,0.78,0,1
13904.24,NET_BANKING,TIMEOUT,0,0.59,1,0
79357.79,CARD,BANK_ERROR,0,0.49,1,0
85476.61,CARD,INVALID_DETAILS,1,0.95,0,0
49809.77,CARD,INVALID_DETAILS,1,0.51,0,0
7101.16,UPI,UNKNOWN,0,0.5,0,1
29583.45,CARD,INSUFFICIENT_FUNDS,1,0.53,0,1
30694.42,UPI,INVALID_DETAILS,3,0.82,0,1
23586.13,NET_BANKING,TIMEOUT,3,0.39,0,0
8137.14,WALLET,INVALID_DETAILS,4,0.92,0,0
44076.46,NET_BANKING,UNKNOWN,0,0.45,0,1
79088.48,UPI,LIMIT_EXCEEDED,4,0.45,0,0
4651.11,WALLET,BANK_ERROR,0,0.49,0,1
74056.75,WALLET,LIMIT_EXCEEDED,0,0.74,0,1
11790.19,UPI,TIMEOUT,4,0.75,0,1
62824.67,UPI,NETWORK_ERROR,3,0.85,1,0
57088.43,NET_BANKING,BANK_ERROR,3,0.79,0,1
30913.81,CARD,UNKNOWN,1,0.7,0,0
25540.42,WALLET,BANK_ERROR,4,0.51,0,1
97723.55,WALLET,INVALID_DETAILS,0,0.82,0,0
18998.18,NET_BANKING,NETWORK_ERROR,2,0.79,0,1
93728.51,UPI,TIMEOUT,4,0.78,0,0
50581.88,CARD,INVALID_DETAILS,1,0.96,0,1
4350.57,CARD,INVALID_DETAILS,0,0.93,0,0
49701.75,UPI,INSUFFICIENT_FUNDS,1,0.5,0,1
49432.24,UPI,NETWORK_ERROR,0,0.94,0,0
55419.2,WALLET,TIMEOUT,0,0.65,0,1
43623.67,NET_BANKING,NETWORK_ERROR,3,0.34,0,0
8675.34,UPI,INSUFFICIENT_FUNDS,4,0.61,0,1
46592.77,UPI,INVALID_DETAILS,2,0.75,0,1
24805.26,NET_BANKING,UNKNOWN,3,0.75,1,0
48547.02,NET_BANKING,LIMIT_EXCEEDED,0,0.81,0,0
51585.93,UPI,UNKNOWN,3,0.6,1,0
59194.0,CARD,NETWORK_ERROR,3,0.87,0,1
85579.78,UPI,INSUFFICIENT_FUNDS,1,0.34,1,0
24883.57,CARD,INSUFFICIENT_FUNDS,2,0.93,0,1
78820.59,CARD,TIMEOUT,2,0.7,0,1
24582.28,WALLET,NETWORK_ERROR,1,0.8,0,1
68421.74,NET_BANKING,INSUFFICIENT_FUNDS,2,0.44,0,0
67339.51,CARD,INSUFFICIENT_FUNDS,0,0.86,0,1
59391.33,UPI,INVALID_DETAILS,1,0.32,0,0
40500.12,CARD,INSUFFICIENT_FUNDS,0,0.55,0,0
31274.55,CARD,INVALID_DETAILS,3,0.83,0,0
74952.15,NET_BANKING,UNKNOWN,1,0.68,0,0
12807.51,WALLET,INSUFFICIENT_FUNDS,2,0.75,1,0
27378.4,CARD,TIMEOUT,0,0.66,0,1
77510.91,NET_BANKING,LIMIT_EXCEEDED,1,0.57,0,0
6472.62,UPI,NETWORK_ERROR,4,0.69,0,1
19554.63,CARD,NETWORK_ERROR,4,0.55,0,0
69519.61,NET_BANKING,INVALID_DETAILS,1,0.65,0,0
49835.82,UPI,UNKNOWN,3,0.79,1,0
89227.14,WALLET,UNKNOWN,1,0.55,0,1
28409.63,WALLET,TIMEOUT,3,0.63,0,1
39356.58,CARD,INSUFFICIENT_FUNDS,2,0.59,0,1
57045.85,CARD,TIMEOUT,2,0.67,0,0
36733.37,NET_BANKING,UNKNOWN,1,0.64,1,0
99755.18,NET_BANKING,INVALID_DETAILS,2,0.74,0,0
12567.7,NET_BANKING,INSUFFICIENT_FUNDS,3,0.41,0,0
73248.33,WALLET,INSUFFICIENT_FUNDS,0,0.81,0,0
85516.22,CARD,BANK_ERROR,2,0.62,0,1
14039.55,UPI,INVALID_DETAILS,3,0.5,0,0
22151.86,NET_BANKING,INSUFFICIENT_FUNDS,1,0.81,1,0
59949.93,NET_BANKING,NETWORK_ERROR,1,0.61,1,0
24658.37,UPI,UNKNOWN,3,0.7,0,0
33944.27,NET_BANKING,LIMIT_EXCEEDED,2,0.78,0,0
87646.73,CARD,TIMEOUT,1,0.79,0,1
72924.08,CARD,TIMEOUT,0,0.66,0,0
28346.03,UPI,BANK_ERROR,1,0.71,0,0
13369.5,WALLET,INSUFFICIENT_FUNDS,3,0.58,0,0
28038.9,UPI,NETWORK_ERROR,3,0.53,0,1
38088.43,UPI,INSUFFICIENT_FUNDS,0,0.54,0,0
53423.75,CARD,INSUFFICIENT_FUNDS,3,0.83,0,0
35972.46,CARD,TIMEOUT,3,0.63,0,0
32175.38,NET_BANKING,BANK_ERROR,1,0.86,0,0
71687.43,CARD,LIMIT_EXCEEDED,3,0.82,1,0
34798.9,UPI,INSUFFICIENT_FUNDS,1,0.56,0,1
26117.24,NET_BANKING,INVALID_DETAILS,4,0.56,1,0
79112.34,NET_BANKING,BANK_ERROR,3,0.35,0,1
3121.38,CARD,INSUFFICIENT_FUNDS,4,0.69,0,0
3516.96,NET_BANKING,INSUFFICIENT_FUNDS,3,0.72,0,0
90503.61,UPI,BANK_ERROR,4,0.62,0,1
9020.68,NET_BANKING,LIMIT_EXCEEDED,2,0.34,0,0
91288.67,NET_BANKING,LIMIT_EXCEEDED,0,0.66,0,1
60945.81,WALLET,BANK_ERROR,1,0.32,0,1
75440.85,NET_BANKING,NETWORK_ERROR,1,0.47,0,0
13574.79,CARD,INSUFFICIENT_FUNDS,2,0.85,1,0
35402.57,WALLET,NETWORK_ERROR,3,0.84,0,1
81995.61,UPI,UNKNOWN,3,0.89,1,0
33953.91,CARD,UNKNOWN,2,0.38,0,1
51567.07,WALLET,TIMEOUT,2,0.65,0,0
34139.4,UPI,LIMIT_EXCEEDED,2,0.69,0,1
62051.99,WALLET,BANK_ERROR,1,0.57,1,0
44808.65,WALLET,NETWORK_ERROR,0,0.67,0,0
4416.33,CARD,INVALID_DETAILS,4,0.48,0,0
69033.09,WALLET,BANK_ERROR,0,0.63,0,1
29941.47,CARD,UNKNOWN,4,0.91,0,0
94778.53,WALLET,TIMEOUT,2,0.96,0,0
67365.56,WALLET,LIMIT_EXCEEDED,4,0.8,0,0
62249.12,UPI,INSUFFICIENT_FUNDS,3,0.74,0,1
43164.75,UPI,LIMIT_EXCEEDED,3,0.72,1,0
32044.59,WALLET,TIMEOUT,0,0.35,0,1
84429.28,WALLET,INVALID_DETAILS,2,0.54,1,0
89438.39,CARD,TIMEOUT,4,0.31,0,0
63012.48,CARD,TIMEOUT,2,0.35,1,0
78743.63,CARD,TIMEOUT,4,0.39,0,0
94077.17,CARD,INVALID_DETAILS,1,0.62,0,0
12222.08,NET_BANKING,TIMEOUT,3,0.97,0,1
3172.96,NET_BANKING,TIMEOUT,4,0.89,0,1
23795.78,NET_BANKING,BANK_ERROR,2,0.83,0,0
78555.8,UPI,UNKNOWN,2,0.92,1,0
5094.68,CARD,INSUFFICIENT_FUNDS,1,0.91,0,0
24966.04,WALLET,NETWORK_ERROR,1,0.39,1,0
53842.5,WALLET,UNKNOWN,3,0.86,0,0
42905.93,UPI,TIMEOUT,2,0.94,0,0
25128.3,WALLET,INSUFFICIENT_FUNDS,0,0.83,1,0
49075.99,NET_BANKING,NETWORK_ERROR,1,0.56,0,0
82679.59,WALLET,BANK_ERROR,4,0.92,0,0
90701.26,WALLET,INVALID_DETAILS,3,0.84,0,0
37778.3,WALLET,TIMEOUT,0,0.66,0,0
31106.81,NET_BANKING,BANK_ERROR,3,0.64,0,1
72716.4,WALLET,BANK_ERROR,3,0.44,0,1
63482.79,CARD,BANK_ERROR,1,0.69,1,0
84159.46,CARD,INSUFFICIENT_FUNDS,2,0.68,0,0
12730.9,CARD,INVALID_DETAILS,0,0.5,0,1
78166.34,WALLET,TIMEOUT,3,0.35,0,0
65165.4,WALLET,TIMEOUT,0,0.5,0,0
57884.66,UPI,TIMEOUT,2,0.55,0,0
66902.51,WALLET,UNKNOWN,3,0.93,0,0
86202.11,WALLET,TIMEOUT,0,0.68,0,0
92868.4,CARD,LIMIT_EXCEEDED,3,0.51,0,1
36693.8,NET_BANKING,LIMIT_EXCEEDED,4,0.67,0,0
50377.28,CARD,TIMEOUT,2,0.5,0,1
8162.0,NET_BANKING,INVALID_DETAILS,0,0.58,1,0
47007.61,CARD,INVALID_DETAILS,4,0.59,0,0
48155.79,NET_BANKING,TIMEOUT,3,0.44,0,0
9228.15,CARD,INSUFFICIENT_FUNDS,1,0.36,0,0
24287.01,UPI,INSUFFICIENT_FUNDS,0,0.93,1,1
35687.35,NET_BANKING,NETWORK_ERROR,4,0.64,0,0
15771.23,WALLET,INSUFFICIENT_FUNDS,2,0.35,0,0
25668.68,WALLET,INVALID_DETAILS,4,0.44,0,0
88029.64,CARD,INVALID_DETAILS,4,0.61,0,0
96903.49,WALLET,LIMIT_EXCEEDED,3,0.96,0,1
84176.68,NET_BANKING,INVALID_DETAILS,4,0.6,0,0
92380.65,NET_BANKING,INVALID_DETAILS,3,0.91,0,0
99322.01,WALLET,BANK_ERROR,2,0.89,1,0
70516.28,CARD,LIMIT_EXCEEDED,1,0.57,1,0
86070.58,UPI,TIMEOUT,4,0.61,0,0
60817.18,UPI,INSUFFICIENT_FUNDS,0,0.39,0,0
6283.76,NET_BANKING,UNKNOWN,1,0.87,0,0
16305.12,CARD,INSUFFICIENT_FUNDS,2,0.73,1,0
35508.37,WALLET,BANK_ERROR,2,0.85,0,1
4047.3,WALLET,NETWORK_ERROR,3,0.58,0,0
35604.31,CARD,NETWORK_ERROR,1,0.8,0,1
54076.77,NET_BANKING,INSUFFICIENT_FUNDS,1,0.34,0,0
59732.37,NET_BANKING,INSUFFICIENT_FUNDS,2,0.91,0,1
30103.82,NET_BANKING,INSUFFICIENT_FUNDS,3,0.49,0,0
21629.64,CARD,BANK_ERROR,4,0.34,1,0
61006.09,WALLET,INSUFFICIENT_FUNDS,1,0.48,0,0
9060.88,UPI,TIMEOUT,3,0.37,1,0
70409.13,CARD,BANK_ERROR,3,0.62,0,0
26096.88,WALLET,INSUFFICIENT_FUNDS,3,0.39,0,0
32388.82,UPI,NETWORK_ERROR,3,0.94,0,1
11022.4,CARD,LIMIT_EXCEEDED,1,0.84,1,1
26992.47,WALLET,INVALID_DETAILS,0,0.87,0,0
10273.08,NET_BANKING,UNKNOWN,1,0.73,1,1
62063.65,NET_BANKING,LIMIT_EXCEEDED,1,0.91,0,1
88514.27,UPI,UNKNOWN,1,0.71,1,1
91936.4,UPI,BANK_ERROR,3,0.54,0,0
31848.29,UPI,NETWORK_ERROR,1,0.36,0,0
98310.9,UPI,UNKNOWN,3,0.88,0,1
71855.57,NET_BANKING,BANK_ERROR,3,0.47,0,0
21421.4,CARD,INVALID_DETAILS,4,0.85,0,0
16052.86,UPI,INVALID_DETAILS,0,0.62,0,0
44422.95,CARD,NETWORK_ERROR,1,0.61,0,1
88308.91,WALLET,LIMIT_EXCEEDED,2,0.75,0,0
19241.32,NET_BANKING,BANK_ERROR,0,0.31,1,1
42588.06,CARD,NETWORK_ERROR,4,0.8,0,0
44871.47,NET_BANKING,NETWORK_ERROR,3,0.55,0,1
65977.97,WALLET,INVALID_DETAILS,0,0.46,0,0
22411.82,NET_BANKING,UNKNOWN,3,0.54,0,0
93858.31,UPI,NETWORK_ERROR,2,0.81,0,0
49760.49,NET_BANKING,UNKNOWN,0,0.86,1,0
84391.4,WALLET,TIMEOUT,4,0.76,0,0
91355.35,WALLET,NETWORK_ERROR,3,0.31,0,0
31820.28,CARD,LIMIT_EXCEEDED,3,0.8,1,0
1366.12,CARD,BANK_ERROR,1,0.52,0,1
58993.41,NET_BANKING,UNKNOWN,1,0.61,0,0
4984.85,UPI,NETWORK_ERROR,1,0.94,0,1
84702.27,UPI,LIMIT_EXCEEDED,0,0.45,0,0
14702.98,UPI,LIMIT_EXCEEDED,1,0.55,0,0
19424.14,CARD,BANK_ERROR,4,0.73,0,0
66871.27,NET_BANKING,LIMIT_EXCEEDED,3,0.91,1,0
43535.53,NET_BANKING,BANK_ERROR,4,0.34,1,0
66093.47,NET_BANKING,UNKNOWN,3,0.57,1,0
44111.02,CARD,NETWORK_ERROR,2,0.57,0,1
56419.82,WALLET,INVALID_DETAILS,0,0.76,1,1
41143.23,CARD,INVALID_DETAILS,2,0.92,0,1
18486.37,WALLET,BANK_ERROR,4,0.62,0,0
85102.56,CARD,UNKNOWN,1,0.52,0,0
30764.93,WALLET,LIMIT_EXCEEDED,4,0.78,0,0
27412.95,CARD,BANK_ERROR,1,0.47,0,0
41910.66,UPI,INSUFFICIENT_FUNDS,2,0.37,0,0
9149.95,UPI,TIMEOUT,4,0.57,1,0
74012.89,WALLET,LIMIT_EXCEEDED,1,0.48,0,0
89004.63,CARD,INVALID_DETAILS,4,0.54,1,0
32738.93,UPI,BANK_ERROR,2,0.49,1,1
65749.51,UPI,LIMIT_EXCEEDED,1,0.67,0,0
27151.59,WALLET,LIMIT_EXCEEDED,0,0.85,0,1
96959.65,CARD,INVALID_DETAILS,4,0.67,0,0
16196.36,UPI,INSUFFICIENT_FUNDS,3,0.45,1,0
1087.43,CARD,BANK_ERROR,4,0.37,0,0
24615.41,WALLET,INVALID_DETAILS,1,0.76,0,0
18154.6,CARD,TIMEOUT,0,0.42,0,0
48648.7,UPI,UNKNOWN,0,0.42,0,0
94883.74,UPI,INVALID_DETAILS,3,0.63,0,0
69081.17,UPI,INVALID_DETAILS,0,0.77,1,0
8378.66,WALLET,TIMEOUT,2,0.87,0,1
29755.58,NET_BANKING,LIMIT_EXCEEDED,1,0.47,0,0
77922.67,UPI,NETWORK_ERROR,0,0.51,0,0
11799.87,UPI,INVALID_DETAILS,4,0.61,0,0
19044.36,UPI,UNKNOWN,2,0.34,1,0
72039.82,UPI,UNKNOWN,4,0.93,0,0
64330.5,CARD,UNKNOWN,1,0.41,0,1
37778.46,CARD,BANK_ERROR,2,0.77,1,0
75536.01,CARD,INVALID_DETAILS,3,0.56,0,0
88463.55,UPI,BANK_ERROR,0,0.37,0,0
16979.62,CARD,BANK_ERROR,3,0.64,0,0
40388.69,UPI,INSUFFICIENT_FUNDS,3,0.97,0,0
41437.73,CARD,LIMIT_EXCEEDED,0,0.42,0,0
87529.95,CARD,TIMEOUT,3,0.46,0,1
57550.54,UPI,TIMEOUT,2,0.44,0,0
36420.89,CARD,INSUFFICIENT_FUNDS,4,0.65,0,0
45012.19,NET_BANKING,INSUFFICIENT_FUNDS,4,0.48,0,0
92944.14,WALLET,INSUFFICIENT_FUNDS,1,0.83,1,0
49467.68,UPI,LIMIT_EXCEEDED,1,0.98,0,0
83162.4,NET_BANKING,LIMIT_EXCEEDED,1,0.52,0,0
44465.66,WALLET,INVALID_DETAILS,4,0.97,0,1
19146.12,UPI,INSUFFICIENT_FUNDS,4,0.92,0,1
75264.95,UPI,UNKNOWN,1,0.47,0,0
53649.27,UPI,LIMIT_EXCEEDED,4,0.33,0,0
31822.41,UPI,INVALID_DETAILS,3,0.73,0,0
8225.17,UPI,TIMEOUT,0,0.75,0,0
85851.83,WALLET,LIMIT_EXCEEDED,4,0.58,0,0
89476.31,NET_BANKING,UNKNOWN,0,0.6,1,0
54530.96,UPI,BANK_ERROR,4,0.97,1,1
12867.56,NET_BANKING,UNKNOWN,2,0.78,0,1
44178.32,UPI,LIMIT_EXCEEDED,2,0.39,1,1
48651.95,CARD,UNKNOWN,0,0.61,0,0
48575.51,WALLET,UNKNOWN,0,0.39,0,0
25532.46,NET_BANKING,BANK_ERROR,2,0.61,0,0
32598.23,CARD,INVALID_DETAILS,1,0.34,0,0
18667.32,NET_BANKING,LIMIT_EXCEEDED,4,0.68,0,0
17877.84,WALLET,BANK_ERROR,4,0.71,0,0
70208.44,UPI,BANK_ERROR,2,0.32,1,0
66764.83,CARD,INVALID_DETAILS,4,0.84,0,0
28956.77,CARD,INVALID_DETAILS,3,0.47,1,0
39593.41,NET_BANKING,BANK_ERROR,1,0.71,1,1
45670.39,CARD,UNKNOWN,1,0.62,0,0
83128.37,NET_BANKING,INSUFFICIENT_FUNDS,3,0.73,0,0
19845.95,NET_BANKING,UNKNOWN,0,0.38,0,0
20026.39,NET_BANKING,BANK_ERROR,3,0.44,0,0
42249.22,CARD,BANK_ERROR,2,0.61,0,1
80021.66,UPI,INVALID_DETAILS,2,0.44,0,1
10972.66,NET_BANKING,NETWORK_ERROR,4,0.48,1,0
17086.71,UPI,INVALID_DETAILS,4,0.66,0,0
30375.36,CARD,LIMIT_EXCEEDED,0,0.91,0,1
97880.9,WALLET,NETWORK_ERROR,3,0.74,0,0
29183.2,WALLET,BANK_ERROR,2,0.6,0,0
62366.21,WALLET,NETWORK_ERROR,4,0.85,0,1
46739.41,UPI,NETWORK_ERROR,2,0.97,0,1
28156.93,CARD,INVALID_DETAILS,1,0.33,0,0
26377.5,CARD,INSUFFICIENT_FUNDS,0,0.79,0,1
30336.08,CARD,INVALID_DETAILS,3,0.66,0,0
74605.33,UPI,NETWORK_ERROR,3,0.31,0,0
11866.07,UPI,TIMEOUT,4,0.73,0,0
60910.02,CARD,UNKNOWN,0,0.65,0,0
4178.92,NET_BANKING,INSUFFICIENT_FUNDS,3,0.35,0,0
1394.38,UPI,BANK_ERROR,2,0.3,0,1
91022.53,UPI,BANK_ERROR,3,0.41,1,0
96242.9,CARD,INVALID_DETAILS,1,0.38,0,0
8454.86,NET_BANKING,BANK_ERROR,2,0.32,0,0
61979.71,WALLET,LIMIT_EXCEEDED,2,0.41,0,0
28187.32,NET_BANKING,BANK_ERROR,2,0.57,0,0
25045.75,WALLET,INSUFFICIENT_FUNDS,2,0.69,0,0
32544.71,NET_BANKING,TIMEOUT,2,0.75,0,0
49232.88,CARD,LIMIT_EXCEEDED,1,0.32,0,0
66177.7,CARD,TIMEOUT,3,0.6,0,0
4515.94,CARD,LIMIT_EXCEEDED,2,0.8,1,1
28433.77,CARD,LIMIT_EXCEEDED,0,0.96,0,1
3028.96,CARD,LIMIT_EXCEEDED,2,0.82,0,0
42840.72,UPI,UNKNOWN,4,0.59,0,0
91766.3,UPI,TIMEOUT,2,0.87,0,1
29450.89,WALLET,BANK_ERROR,1,0.56,0,1
87706.69,CARD,UNKNOWN,2,0.53,0,0
78724.71,CARD,NETWORK_ERROR,3,0.55,0,0
24795.12,WALLET,UNKNOWN,4,0.52,0,0
68339.49,NET_BANKING,UNKNOWN,2,0.61,0,0
56233.02,NET_BANKING,INVALID_DETAILS,1,0.52,0,0
81867.98,NET_BANKING,TIMEOUT,3,0.84,0,0
32799.77,CARD,UNKNOWN,1,0.88,1,0
62305.97,WALLET,NETWORK_ERROR,1,0.44,1,0
87405.77,UPI,BANK_ERROR,0,0.86,1,1
591.68,NET_BANKING,UNKNOWN,0,0.53,0,1
41777.64,NET_BANKING,TIMEOUT,2,0.45,1,0
20570.78,WALLET,TIMEOUT,1,0.53,1,1
13518.68,WALLET,INVALID_DETAILS,1,0.31,0,1
40088.3,CARD,BANK_ERROR,2,0.9,0,0
52794.91,CARD,TIMEOUT,1,0.65,0,0
89363.6,CARD,INVALID_DETAILS,1,0.77,0,0
61490.62,WALLET,INSUFFICIENT_FUNDS,3,0.33,0,0
80435.86,CARD,INSUFFICIENT_FUNDS,4,0.85,0,0
30485.5,WALLET,INVALID_DETAILS,3,0.34,0,0
91844.02,UPI,BANK_ERROR,3,0.92,1,1
90896.24,UPI,LIMIT_EXCEEDED,1,0.93,0,0
41612.96,WALLET,UNKNOWN,3,0.61,0,0
38058.78,NET_BANKING,NETWORK_ERROR,2,0.52,0,0
50674.29,NET_BANKING,UNKNOWN,2,0.44,0,1
38490.96,CARD,LIMIT_EXCEEDED,2,0.55,0,0
73292.56,CARD,BANK_ERROR,1,0.43,0,0
98348.04,NET_BANKING,INVALID_DETAILS,4,0.51,0,0
25414.71,WALLET,BANK_ERROR,3,0.31,0,1
63408.08,UPI,INVALID_DETAILS,2,0.51,1,0
93288.27,WALLET,NETWORK_ERROR,4,0.97,0,0
87935.65,WALLET,BANK_ERROR,0,0.42,0,0
82592.76,CARD,NETWORK_ERROR,1,0.75,0,0
95799.54,CARD,TIMEOUT,3,0.82,0,1
26814.52,UPI,LIMIT_EXCEEDED,4,0.95,0,1
8713.74,NET_BANKING,LIMIT_EXCEEDED,4,0.35,1,0
39661.58,NET_BANKING,NETWORK_ERROR,3,0.47,0,0
1087.55,NET_BANKING,INSUFFICIENT_FUNDS,2,0.42,0,0
73872.68,WALLET,TIMEOUT,4,0.55,0,1
7378.09,WALLET,UNKNOWN,3,0.71,0,1
68643.14,WALLET,TIMEOUT,0,0.81,1,1
49264.21,NET_BANKING,INSUFFICIENT_FUNDS,1,0.92,0,0
66770.12,WALLET,TIMEOUT,0,0.86,0,0
42624.09,CARD,INSUFFICIENT_FUNDS,3,0.37,0,0
61999.25,UPI,TIMEOUT,2,0.54,0,0
29213.84,CARD,INVALID_DETAILS,4,0.78,0,0
75567.09,WALLET,INVALID_DETAILS,4,0.53,0,0
42579.04,WALLET,LIMIT_EXCEEDED,4,0.35,0,0
32847.57,WALLET,INVALID_DETAILS,3,0.36,0,0
89202.91,UPI,LIMIT_EXCEEDED,1,0.59,0,0
1908.02,NET_BANKING,NETWORK_ERROR,0,0.77,0,1
21101.5,NET_BANKING,TIMEOUT,1,0.43,0,0
51320.6,NET_BANKING,TIMEOUT,4,0.57,1,0
64303.29,WALLET,LIMIT_EXCEEDED,3,0.88,0,0
87796.87,WALLET,LIMIT_EXCEEDED,2,0.66,1,0
60848.43,WALLET,INVALID_DETAILS,1,0.36,0,1
16622.62,UPI,NETWORK_ERROR,1,0.56,0,1
56558.18,UPI,TIMEOUT,2,0.39,0,1
28515.96,UPI,INSUFFICIENT_FUNDS,3,0.57,0,1
82636.79,WALLET,BANK_ERROR,3,0.98,0,1
34916.9,WALLET,INSUFFICIENT_FUNDS,3,0.84,0,0
35155.65,WALLET,BANK_ERROR,2,0.63,0,0
17037.03,NET_BANKING,UNKNOWN,0,0.3,0,0
71138.56,CARD,UNKNOWN,1,0.62,0,1
76815.45,CARD,INVALID_DETAILS,3,0.51,0,0
13168.81,CARD,UNKNOWN,2,0.87,0,0
75403.18,UPI,BANK_ERROR,4,0.3,0,0
72127.48,NET_BANKING,LIMIT_EXCEEDED,3,0.96,0,1
65119.07,UPI,INVALID_DETAILS,0,0.36,0,1
48700.45,UPI,UNKNOWN,1,0.73,0,1
65267.7,NET_BANKING,TIMEOUT,1,0.64,0,0
32973.74,NET_BANKING,NETWORK_ERROR,0,0.43,0,0
66950.38,NET_BANKING,INSUFFICIENT_FUNDS,1,0.63,0,0
66796.32,UPI,INVALID_DETAILS,1,0.41,0,1
69082.74,NET_BANKING,TIMEOUT,3,0.86,1,1
80720.7,CARD,INSUFFICIENT_FUNDS,2,0.57,0,0
7172.37,WALLET,NETWORK_ERROR,1,0.49,1,0
7688.77,NET_BANKING,BANK_ERROR,4,0.95,0,0
90977.63,UPI,NETWORK_ERROR,0,0.49,0,1
57647.25,CARD,TIMEOUT,0,0.58,0,0
14197.77,CARD,BANK_ERROR,3,0.37,1,0
70989.24,UPI,UNKNOWN,1,0.68,1,0
30002.01,NET_BANKING,INVALID_DETAILS,2,0.61,0,1
88200.36,WALLET,NETWORK_ERROR,2,0.31,0,0
9495.19,NET_BANKING,LIMIT_EXCEEDED,2,0.79,0,1
21224.56,NET_BANKING,UNKNOWN,4,0.81,0,0
58127.76,NET_BANKING,INSUFFICIENT_FUNDS,1,0.73,0,1
77612.62,CARD,TIMEOUT,0,0.78,0,0
44114.92,UPI,INVALID_DETAILS,1,0.32,0,0
55282.77,UPI,INSUFFICIENT_FUNDS,1,0.31,1,0
47935.21,CARD,TIMEOUT,1,0.94,0,1
77547.31,CARD,TIMEOUT,2,0.59,0,1
63078.19,UPI,NETWORK_ERROR,3,0.75,0,1
86267.43,CARD,LIMIT_EXCEEDED,3,0.63,0,0
45333.84,CARD,INSUFFICIENT_FUNDS,3,0.47,1,0
99459.42,NET_BANKING,TIMEOUT,4,0.74,0,1
66277.6,NET_BANKING,LIMIT_EXCEEDED,4,0.59,0,0
21628.35,UPI,BANK_ERROR,4,0.84,0,1
31965.54,WALLET,UNKNOWN,4,0.91,0,0
30932.58,UPI,UNKNOWN,2,0.56,0,0
73464.9,UPI,INSUFFICIENT_FUNDS,0,0.92,0,0
45349.1,NET_BANKING,NETWORK_ERROR,3,0.6,0,0
28664.2,WALLET,UNKNOWN,4,0.46,1,0
60636.06,UPI,BANK_ERROR,0,0.69,0,1
7234.51,CARD,BANK_ERROR,0,0.44,0,1
66199.4,NET_BANKING,INVALID_DETAILS,1,0.54,0,0
58501.0,UPI,BANK_ERROR,2,0.71,0,1
57952.56,UPI,UNKNOWN,1,0.51,0,0
59167.91,CARD,UNKNOWN,1,0.47,1,0
98732.05,WALLET,UNKNOWN,3,0.32,0,0
52597.03,NET_BANKING,UNKNOWN,0,0.91,0,1
61383.46,WALLET,LIMIT_EXCEEDED,1,0.66,0,0
19845.23,UPI,LIMIT_EXCEEDED,1,0.58,0,0
20850.59,WALLET,INVALID_DETAILS,0,0.42,0,1
939.28,UPI,NETWORK_ERROR,2,0.68,1,1
82577.87,UPI,INSUFFICIENT_FUNDS,3,0.65,0,0
40896.17,WALLET,TIMEOUT,0,0.7,1,1
3820.26,CARD,INSUFFICIENT_FUNDS,1,0.66,0,1
3832.9,CARD,BANK_ERROR,0,0.44,0,1
48476.36,CARD,NETWORK_ERROR,4,0.62,0,0
88104.24,UPI,BANK_ERROR,3,0.49,0,0
36667.09,NET_BANKING,NETWORK_ERROR,1,0.61,0,0
97269.91,NET_BANKING,INVALID_DETAILS,4,0.66,0,0
84441.56,UPI,INVALID_DETAILS,0,0.86,0,0
10751.06,UPI,NETWORK_ERROR,3,0.62,0,0
34759.73,NET_BANKING,TIMEOUT,3,0.5,0,1
37142.8,WALLET,UNKNOWN,4,0.31,1,0
21347.11,UPI,UNKNOWN,4,0.45,0,1
76060.52,NET_BANKING,LIMIT_EXCEEDED,3,0.34,0,0
37993.82,CARD,UNKNOWN,1,0.83,1,0
97171.09,NET_BANKING,BANK_ERROR,2,0.82,0,1
86425.75,NET_BANKING,INVALID_DETAILS,3,0.88,0,0
1251.85,CARD,UNKNOWN,1,0.95,0,1
66676.71,WALLET,UNKNOWN,1,0.79,1,0
93584.73,NET_BANKING,TIMEOUT,3,0.79,0,0
63443.23,UPI,BANK_ERROR,4,0.53,0,0
75333.88,CARD,TIMEOUT,4,0.37,0,0
15924.19,NET_BANKING,INSUFFICIENT_FUNDS,1,0.93,0,0
597.15,WALLET,BANK_ERROR,2,0.46,1,0
91187.88,NET_BANKING,NETWORK_ERROR,2,0.55,0,0
32170.61,CARD,INSUFFICIENT_FUNDS,2,0.82,0,1
22853.47,CARD,BANK_ERROR,4,0.4,0,0
87172.31,UPI,NETWORK_ERROR,3,0.69,1,0
10476.04,WALLET,INVALID_DETAILS,1,0.36,0,0
6438.42,WALLET,BANK_ERROR,4,0.58,1,0
62698.13,NET_BANKING,TIMEOUT,3,0.33,1,0
17896.48,UPI,LIMIT_EXCEEDED,1,0.88,1,0
79246.72,NET_BANKING,TIMEOUT,3,0.93,0,1
20634.56,UPI,UNKNOWN,4,0.5,0,0
39716.09,CARD,LIMIT_EXCEEDED,0,0.46,0,1
61062.18,NET_BANKING,UNKNOWN,3,0.49,0,0
99874.61,NET_BANKING,UNKNOWN,1,0.88,0,1
71476.3,UPI,TIMEOUT,3,0.46,0,0
97123.89,NET_BANKING,NETWORK_ERROR,2,0.51,0,0
33463.42,WALLET,BANK_ERROR,1,0.91,0,0
63568.56,NET_BANKING,LIMIT_EXCEEDED,3,0.35,0,0
74871.98,UPI,BANK_ERROR,3,0.91,0,1
10838.44,NET_BANKING,LIMIT_EXCEEDED,2,0.44,1,0
38283.62,CARD,NETWORK_ERROR,2,0.35,0,0
54796.05,NET_BANKING,NETWORK_ERROR,3,0.89,0,1
8077.22,NET_BANKING,INSUFFICIENT_FUNDS,1,0.92,0,1
52720.77,CARD,NETWORK_ERROR,2,0.8,0,0
64402.79,UPI,INVALID_DETAILS,3,0.81,1,0
24766.35,UPI,NETWORK_ERROR,0,0.87,0,1
34311.9,CARD,INVALID_DETAILS,1,0.83,0,1
57703.64,NET_BANKING,NETWORK_ERROR,2,0.8,0,0
86703.44,CARD,NETWORK_ERROR,4,0.42,0,1
95841.62,UPI,NETWORK_ERROR,1,0.33,1,0
14299.83,WALLET,UNKNOWN,3,0.67,0,1
60924.09,CARD,NETWORK_ERROR,0,0.88,0,1
71389.31,NET_BANKING,INVALID_DETAILS,4,0.34,1,0
81924.41,CARD,NETWORK_ERROR,0,0.8,0,1
81501.34,CARD,LIMIT_EXCEEDED,1,0.64,0,0
93195.96,CARD,TIMEOUT,3,0.54,0,0
15858.8,NET_BANKING,INVALID_DETAILS,4,0.31,0,0
64236.29,UPI,NETWORK_ERROR,4,0.58,0,0
5157.38,NET_BANKING,UNKNOWN,0,0.53,0,1
67271.52,WALLET,INVALID_DETAILS,0,0.53,0,1
12963.1,CARD,TIMEOUT,3,0.42,0,0
29249.56,WALLET,LIMIT_EXCEEDED,1,0.69,0,0
25516.73,UPI,INSUFFICIENT_FUNDS,1,0.78,0,0
50660.43,NET_BANKING,LIMIT_EXCEEDED,3,0.52,0,0
78182.94,WALLET,TIMEOUT,3,0.94,0,0
73096.32,NET_BANKING,UNKNOWN,3,0.48,0,0
656.43,WALLET,LIMIT_EXCEEDED,4,0.44,0,0
79156.45,NET_BANKING,INSUFFICIENT_FUNDS,2,0.45,0,1
2312.35,WALLET,LIMIT_EXCEEDED,2,0.63,0,0
43340.6,NET_BANKING,LIMIT_EXCEEDED,0,0.45,0,0
52562.36,WALLET,NETWORK_ERROR,1,0.48,1,0
49004.73,NET_BANKING,BANK_ERROR,4,0.86,1,0
1636.69,NET_BANKING,BANK_ERROR,4,0.55,0,0
98177.62,CARD,BANK_ERROR,4,0.85,0,1
86575.09,UPI,INSUFFICIENT_FUNDS,2,0.72,1,0
45802.07,NET_BANKING,NETWORK_ERROR,3,0.44,0,1
76204.68,UPI,LIMIT_EXCEEDED,3,0.61,0,0
79289.74,NET_BANKING,LIMIT_EXCEEDED,3,0.94,0,1
92981.62,CARD,UNKNOWN,2,0.31,0,0
54372.76,UPI,INSUFFICIENT_FUNDS,4,0.89,0,1
67605.62,NET_BANKING,TIMEOUT,4,0.73,0,0
91234.8,UPI,INVALID_DETAILS,4,0.75,1,0
7301.27,WALLET,LIMIT_EXCEEDED,4,0.37,0,0
41312.92,NET_BANKING,UNKNOWN,0,0.38,0,1
99674.5,WALLET,TIMEOUT,0,0.94,0,1
16401.39,UPI,LIMIT_EXCEEDED,1,0.87,1,1
49309.13,NET_BANKING,INVALID_DETAILS,1,0.48,1,0
3070.38,NET_BANKING,INSUFFICIENT_FUNDS,2,0.76,1,0
19733.46,CARD,INSUFFICIENT_FUNDS,2,0.45,0,0
37156.8,WALLET,TIMEOUT,0,0.64,0,1
25917.4,UPI,NETWORK_ERROR,2,0.3,0,1
78542.21,NET_BANKING,TIMEOUT,0,0.4,0,0
96914.64,UPI,TIMEOUT,4,0.63,1,0
18058.26,NET_BANKING,INVALID_DETAILS,2,0.4,0,0
59074.69,WALLET,LIMIT_EXCEEDED,4,0.4,0,0
92010.2,WALLET,INVALID_DETAILS,1,0.85,0,0
99182.89,WALLET,INVALID_DETAILS,2,0.65,0,0
94032.02,CARD,INVALID_DETAILS,3,0.92,0,0
97404.93,CARD,NETWORK_ERROR,4,0.34,0,0
12477.03,NET_BANKING,BANK_ERROR,3,0.3,0,0
70213.68,NET_BANKING,INSUFFICIENT_FUNDS,1,0.54,0,1
90087.8,WALLET,INVALID_DETAILS,3,0.88,0,0
99966.28,WALLET,INSUFFICIENT_FUNDS,1,0.9,1,0
47136.96,WALLET,TIMEOUT,1,0.8,0,0
76227.03,CARD,INVALID_DETAILS,3,0.41,1,0
